{
	"pools": [
		{
			"rolls": 1,
			"entries": [
				{
					"type": "minecraft:item",
					"name": "minecraft:command_block",
					"functions": [
						{
							"function": "minecraft:set_components",
							"components": {
								"minecraft:custom_data": {
									"smithed": {
										"dict": {"dust": {"iron": true}},
										"ignore": {"functionality": true,"crafting": true}
									},
									"simplenergy": {
										"iron_dust": true
									}
								},
								"minecraft:item_model": "simplenergy:iron_dust",
								"minecraft:item_name": {
									"translate": "simplenergy.iron_dust"
								},
								"minecraft:lore": [
									[
										"",
										{"text": "I","color": "white","italic": false,"font": "simplenergy:icons"},
										{"translate": "simplenergy","italic": true,"color": "blue"}
									]
								]
							}
						}
					]
				}
			]
		}
	]
}
