{
	"pools": [
		{
			"rolls": 1,
			"entries": [
				{
					"type": "minecraft:item",
					"name": "minecraft:item_frame",
					"functions": [
						{
							"function": "minecraft:set_components",
							"components": {
								"minecraft:custom_data": {
									"simplenergy": {
										"stack_limit": 4,
										"retry_limit": 1,
										"servo_inserter": true
									},
									"smithed": {
										"ignore": {"functionality": true,"crafting": true}
									}
								},
								"minecraft:entity_data": {
									"id": "minecraft:item_frame",
									"Tags": [
										"simplenergy.new",
										"simplenergy.servo_inserter"
									],
									"Invisible": true,
									"Silent": true
								},
								"minecraft:item_model": "simplenergy:servo_inserter",
								"minecraft:item_name": {
									"translate": "simplenergy.servo_inserter"
								},
								"minecraft:lore": [
									[
										"",
										{"text": "I","color": "white","italic": false,"font": "simplenergy:icons"},
										{"translate": "simplenergy","italic": true,"color": "blue"}
									]
								]
							}
						}
					]
				}
			]
		}
	]
}
