{
	"pools": [
		{
			"rolls": 1,
			"entries": [
				{
					"type": "minecraft:item",
					"name": "minecraft:iron_chestplate",
					"functions": [
						{
							"function": "minecraft:set_components",
							"components": {
								"minecraft:custom_data": {
									"smithed": {
										"dict": {"armor": {"simplunium": true,"chestplate": true}},
										"ignore": {"functionality": true,"crafting": true}
									},
									"simplenergy": {
										"simplunium_chestplate": true
									}
								},
								"minecraft:max_damage": 720,
								"minecraft:equippable": {
									"slot": "chest",
									"asset_id": "simplenergy:simplunium"
								},
								"minecraft:attribute_modifiers": [
									{
										"type": "armor",
										"amount": 6.5,
										"operation": "add_value",
										"slot": "chest",
										"id": "simplenergy:armor.chest"
									}
								],
								"minecraft:item_model": "simplenergy:simplunium_chestplate",
								"minecraft:item_name": {
									"translate": "simplenergy.simplunium_chestplate"
								},
								"minecraft:lore": [
									[
										"",
										{"text": "I","color": "white","italic": false,"font": "simplenergy:icons"},
										{"translate": "simplenergy","italic": true,"color": "blue"}
									]
								]
							}
						}
					]
				}
			]
		}
	]
}
