{
    "parent": "block/cobblestone",
    "overrides": [
		{ "predicate": { "custom_model_data": 2011929 }, "model": "simplenergy:none" },
		{ "predicate": { "custom_model_data": 2011930 }, "model": "simplenergy:craft_gui" },

		{ "predicate": { "custom_model_data": 2011931 }, "model": "simplenergy:machines/electric_brewing_stand_5" },
		{ "predicate": { "custom_model_data": 2011932 }, "model": "simplenergy:machines/electric_brewing_stand_4" },
		{ "predicate": { "custom_model_data": 2011933 }, "model": "simplenergy:machines/electric_brewing_stand_3" },
		{ "predicate": { "custom_model_data": 2011934 }, "model": "simplenergy:machines/electric_brewing_stand_2" },
		{ "predicate": { "custom_model_data": 2011935 }, "model": "simplenergy:machines/electric_brewing_stand_1" },
		{ "predicate": { "custom_model_data": 2011936 }, "model": "simplenergy:machines/electric_brewing_stand_0" },

		{ "predicate": { "custom_model_data": 2011937 }, "model": "simplenergy:machines/electric_smelter_5" },
		{ "predicate": { "custom_model_data": 2011938 }, "model": "simplenergy:machines/electric_smelter_4" },
		{ "predicate": { "custom_model_data": 2011939 }, "model": "simplenergy:machines/electric_smelter_3" },
		{ "predicate": { "custom_model_data": 2011940 }, "model": "simplenergy:machines/electric_smelter_2" },
		{ "predicate": { "custom_model_data": 2011941 }, "model": "simplenergy:machines/electric_smelter_1" },
		{ "predicate": { "custom_model_data": 2011942 }, "model": "simplenergy:machines/electric_smelter_0" },

		{ "predicate": { "custom_model_data": 2011943 }, "model": "simplenergy:machines/advanced_battery/abattery_11" },
		{ "predicate": { "custom_model_data": 2011944 }, "model": "simplenergy:machines/advanced_battery/abattery_10" },
		{ "predicate": { "custom_model_data": 2011945 }, "model": "simplenergy:machines/advanced_battery/abattery_9" },
		{ "predicate": { "custom_model_data": 2011946 }, "model": "simplenergy:machines/advanced_battery/abattery_8" },
		{ "predicate": { "custom_model_data": 2011947 }, "model": "simplenergy:machines/advanced_battery/abattery_7" },
		{ "predicate": { "custom_model_data": 2011948 }, "model": "simplenergy:machines/advanced_battery/abattery_6" },
		{ "predicate": { "custom_model_data": 2011949 }, "model": "simplenergy:machines/advanced_battery/abattery_5" },
		{ "predicate": { "custom_model_data": 2011950 }, "model": "simplenergy:machines/advanced_battery/abattery_4" },
		{ "predicate": { "custom_model_data": 2011951 }, "model": "simplenergy:machines/advanced_battery/abattery_3" },
		{ "predicate": { "custom_model_data": 2011952 }, "model": "simplenergy:machines/advanced_battery/abattery_2" },
		{ "predicate": { "custom_model_data": 2011953 }, "model": "simplenergy:machines/advanced_battery/abattery_1" },

		{ "predicate": { "custom_model_data": 2011954 }, "model": "simplenergy:machines/elite_battery/ebattery_21" },
		{ "predicate": { "custom_model_data": 2011955 }, "model": "simplenergy:machines/elite_battery/ebattery_20" },
		{ "predicate": { "custom_model_data": 2011956 }, "model": "simplenergy:machines/elite_battery/ebattery_19" },
		{ "predicate": { "custom_model_data": 2011957 }, "model": "simplenergy:machines/elite_battery/ebattery_18" },
		{ "predicate": { "custom_model_data": 2011958 }, "model": "simplenergy:machines/elite_battery/ebattery_17" },
		{ "predicate": { "custom_model_data": 2011959 }, "model": "simplenergy:machines/elite_battery/ebattery_16" },
		{ "predicate": { "custom_model_data": 2011960 }, "model": "simplenergy:machines/elite_battery/ebattery_15" },
		{ "predicate": { "custom_model_data": 2011961 }, "model": "simplenergy:machines/elite_battery/ebattery_14" },
		{ "predicate": { "custom_model_data": 2011962 }, "model": "simplenergy:machines/elite_battery/ebattery_13" },
		{ "predicate": { "custom_model_data": 2011963 }, "model": "simplenergy:machines/elite_battery/ebattery_12" },
		{ "predicate": { "custom_model_data": 2011964 }, "model": "simplenergy:machines/elite_battery/ebattery_11" },
		{ "predicate": { "custom_model_data": 2011965 }, "model": "simplenergy:machines/elite_battery/ebattery_10" },
		{ "predicate": { "custom_model_data": 2011966 }, "model": "simplenergy:machines/elite_battery/ebattery_9" },
		{ "predicate": { "custom_model_data": 2011967 }, "model": "simplenergy:machines/elite_battery/ebattery_8" },
		{ "predicate": { "custom_model_data": 2011968 }, "model": "simplenergy:machines/elite_battery/ebattery_7" },
		{ "predicate": { "custom_model_data": 2011969 }, "model": "simplenergy:machines/elite_battery/ebattery_6" },
		{ "predicate": { "custom_model_data": 2011970 }, "model": "simplenergy:machines/elite_battery/ebattery_5" },
		{ "predicate": { "custom_model_data": 2011971 }, "model": "simplenergy:machines/elite_battery/ebattery_4" },
		{ "predicate": { "custom_model_data": 2011972 }, "model": "simplenergy:machines/elite_battery/ebattery_3" },
		{ "predicate": { "custom_model_data": 2011973 }, "model": "simplenergy:machines/elite_battery/ebattery_2" },
		{ "predicate": { "custom_model_data": 2011974 }, "model": "simplenergy:machines/elite_battery/ebattery_1" },

		{ "predicate": { "custom_model_data": 2011975 }, "model": "simplenergy:machines/furnace_generator_working" },

		{ "predicate": { "custom_model_data": 2011976 }, "model": "simplenergy:machines/simple_battery/battery_17" },
		{ "predicate": { "custom_model_data": 2011977 }, "model": "simplenergy:machines/simple_battery/battery_16" },
		{ "predicate": { "custom_model_data": 2011978 }, "model": "simplenergy:machines/simple_battery/battery_15" },
		{ "predicate": { "custom_model_data": 2011979 }, "model": "simplenergy:machines/simple_battery/battery_14" },
		{ "predicate": { "custom_model_data": 2011980 }, "model": "simplenergy:machines/simple_battery/battery_13" },
		{ "predicate": { "custom_model_data": 2011981 }, "model": "simplenergy:machines/simple_battery/battery_12" },
		{ "predicate": { "custom_model_data": 2011982 }, "model": "simplenergy:machines/simple_battery/battery_11" },
		{ "predicate": { "custom_model_data": 2011983 }, "model": "simplenergy:machines/simple_battery/battery_10" },
		{ "predicate": { "custom_model_data": 2011984 }, "model": "simplenergy:machines/simple_battery/battery_9" },
		{ "predicate": { "custom_model_data": 2011985 }, "model": "simplenergy:machines/simple_battery/battery_8" },
		{ "predicate": { "custom_model_data": 2011986 }, "model": "simplenergy:machines/simple_battery/battery_7" },
		{ "predicate": { "custom_model_data": 2011987 }, "model": "simplenergy:machines/simple_battery/battery_6" },
		{ "predicate": { "custom_model_data": 2011988 }, "model": "simplenergy:machines/simple_battery/battery_5" },
		{ "predicate": { "custom_model_data": 2011989 }, "model": "simplenergy:machines/simple_battery/battery_4" },
		{ "predicate": { "custom_model_data": 2011990 }, "model": "simplenergy:machines/simple_battery/battery_3" },
		{ "predicate": { "custom_model_data": 2011991 }, "model": "simplenergy:machines/simple_battery/battery_2" },
		{ "predicate": { "custom_model_data": 2011992 }, "model": "simplenergy:machines/simple_battery/battery_1" },

		{ "predicate": { "custom_model_data": 2011993 }, "model": "simplenergy:machines/electric_furnace_5" },
		{ "predicate": { "custom_model_data": 2011994 }, "model": "simplenergy:machines/electric_furnace_4" },
		{ "predicate": { "custom_model_data": 2011995 }, "model": "simplenergy:machines/electric_furnace_3" },
		{ "predicate": { "custom_model_data": 2011996 }, "model": "simplenergy:machines/electric_furnace_2" },
		{ "predicate": { "custom_model_data": 2011997 }, "model": "simplenergy:machines/electric_furnace_1" },
		{ "predicate": { "custom_model_data": 2011998 }, "model": "simplenergy:machines/electric_furnace_0" },
		{ "predicate": { "custom_model_data": 2011999 }, "model": "simplenergy:machines/furnace_generator" },


		{ "predicate": { "custom_model_data": 2012500 }, "model": "simplenergy:simple_wire/wire" },
		{ "predicate": { "custom_model_data": 2012501 }, "model": "simplenergy:simple_wire/wire_d" },
		{ "predicate": { "custom_model_data": 2012502 }, "model": "simplenergy:simple_wire/wire_u" },
		{ "predicate": { "custom_model_data": 2012503 }, "model": "simplenergy:simple_wire/wire_ud" },
		{ "predicate": { "custom_model_data": 2012504 }, "model": "simplenergy:simple_wire/wire_n" },
		{ "predicate": { "custom_model_data": 2012505 }, "model": "simplenergy:simple_wire/wire_dn" },
		{ "predicate": { "custom_model_data": 2012506 }, "model": "simplenergy:simple_wire/wire_un" },
		{ "predicate": { "custom_model_data": 2012507 }, "model": "simplenergy:simple_wire/wire_udn" },
		{ "predicate": { "custom_model_data": 2012508 }, "model": "simplenergy:simple_wire/wire_s" },
		{ "predicate": { "custom_model_data": 2012509 }, "model": "simplenergy:simple_wire/wire_ds" },
		{ "predicate": { "custom_model_data": 2012510 }, "model": "simplenergy:simple_wire/wire_us" },
		{ "predicate": { "custom_model_data": 2012511 }, "model": "simplenergy:simple_wire/wire_uds" },
		{ "predicate": { "custom_model_data": 2012512 }, "model": "simplenergy:simple_wire/wire_ns" },
		{ "predicate": { "custom_model_data": 2012513 }, "model": "simplenergy:simple_wire/wire_dns" },
		{ "predicate": { "custom_model_data": 2012514 }, "model": "simplenergy:simple_wire/wire_uns" },
		{ "predicate": { "custom_model_data": 2012515 }, "model": "simplenergy:simple_wire/wire_udns" },
		{ "predicate": { "custom_model_data": 2012516 }, "model": "simplenergy:simple_wire/wire_w" },
		{ "predicate": { "custom_model_data": 2012517 }, "model": "simplenergy:simple_wire/wire_dw" },
		{ "predicate": { "custom_model_data": 2012518 }, "model": "simplenergy:simple_wire/wire_uw" },
		{ "predicate": { "custom_model_data": 2012519 }, "model": "simplenergy:simple_wire/wire_udw" },
		{ "predicate": { "custom_model_data": 2012520 }, "model": "simplenergy:simple_wire/wire_nw" },
		{ "predicate": { "custom_model_data": 2012521 }, "model": "simplenergy:simple_wire/wire_dnw" },
		{ "predicate": { "custom_model_data": 2012522 }, "model": "simplenergy:simple_wire/wire_unw" },
		{ "predicate": { "custom_model_data": 2012523 }, "model": "simplenergy:simple_wire/wire_udnw" },
		{ "predicate": { "custom_model_data": 2012524 }, "model": "simplenergy:simple_wire/wire_sw" },
		{ "predicate": { "custom_model_data": 2012525 }, "model": "simplenergy:simple_wire/wire_dsw" },
		{ "predicate": { "custom_model_data": 2012526 }, "model": "simplenergy:simple_wire/wire_usw" },
		{ "predicate": { "custom_model_data": 2012527 }, "model": "simplenergy:simple_wire/wire_udsw" },
		{ "predicate": { "custom_model_data": 2012528 }, "model": "simplenergy:simple_wire/wire_nsw" },
		{ "predicate": { "custom_model_data": 2012529 }, "model": "simplenergy:simple_wire/wire_dnsw" },
		{ "predicate": { "custom_model_data": 2012530 }, "model": "simplenergy:simple_wire/wire_unsw" },
		{ "predicate": { "custom_model_data": 2012531 }, "model": "simplenergy:simple_wire/wire_udnsw" },
		{ "predicate": { "custom_model_data": 2012532 }, "model": "simplenergy:simple_wire/wire_e" },
		{ "predicate": { "custom_model_data": 2012533 }, "model": "simplenergy:simple_wire/wire_de" },
		{ "predicate": { "custom_model_data": 2012534 }, "model": "simplenergy:simple_wire/wire_ue" },
		{ "predicate": { "custom_model_data": 2012535 }, "model": "simplenergy:simple_wire/wire_ude" },
		{ "predicate": { "custom_model_data": 2012536 }, "model": "simplenergy:simple_wire/wire_ne" },
		{ "predicate": { "custom_model_data": 2012537 }, "model": "simplenergy:simple_wire/wire_dne" },
		{ "predicate": { "custom_model_data": 2012538 }, "model": "simplenergy:simple_wire/wire_une" },
		{ "predicate": { "custom_model_data": 2012539 }, "model": "simplenergy:simple_wire/wire_udne" },
		{ "predicate": { "custom_model_data": 2012540 }, "model": "simplenergy:simple_wire/wire_se" },
		{ "predicate": { "custom_model_data": 2012541 }, "model": "simplenergy:simple_wire/wire_dse" },
		{ "predicate": { "custom_model_data": 2012542 }, "model": "simplenergy:simple_wire/wire_use" },
		{ "predicate": { "custom_model_data": 2012543 }, "model": "simplenergy:simple_wire/wire_udse" },
		{ "predicate": { "custom_model_data": 2012544 }, "model": "simplenergy:simple_wire/wire_nse" },
		{ "predicate": { "custom_model_data": 2012545 }, "model": "simplenergy:simple_wire/wire_dnse" },
		{ "predicate": { "custom_model_data": 2012546 }, "model": "simplenergy:simple_wire/wire_unse" },
		{ "predicate": { "custom_model_data": 2012547 }, "model": "simplenergy:simple_wire/wire_udnse" },
		{ "predicate": { "custom_model_data": 2012548 }, "model": "simplenergy:simple_wire/wire_ew" },
		{ "predicate": { "custom_model_data": 2012549 }, "model": "simplenergy:simple_wire/wire_dew" },
		{ "predicate": { "custom_model_data": 2012550 }, "model": "simplenergy:simple_wire/wire_uew" },
		{ "predicate": { "custom_model_data": 2012551 }, "model": "simplenergy:simple_wire/wire_udew" },
		{ "predicate": { "custom_model_data": 2012552 }, "model": "simplenergy:simple_wire/wire_new" },
		{ "predicate": { "custom_model_data": 2012553 }, "model": "simplenergy:simple_wire/wire_dnew" },
		{ "predicate": { "custom_model_data": 2012554 }, "model": "simplenergy:simple_wire/wire_unew" },
		{ "predicate": { "custom_model_data": 2012555 }, "model": "simplenergy:simple_wire/wire_udnew" },
		{ "predicate": { "custom_model_data": 2012556 }, "model": "simplenergy:simple_wire/wire_sew" },
		{ "predicate": { "custom_model_data": 2012557 }, "model": "simplenergy:simple_wire/wire_dsew" },
		{ "predicate": { "custom_model_data": 2012558 }, "model": "simplenergy:simple_wire/wire_usew" },
		{ "predicate": { "custom_model_data": 2012559 }, "model": "simplenergy:simple_wire/wire_udsew" },
		{ "predicate": { "custom_model_data": 2012560 }, "model": "simplenergy:simple_wire/wire_nsew" },
		{ "predicate": { "custom_model_data": 2012561 }, "model": "simplenergy:simple_wire/wire_dnsew" },
		{ "predicate": { "custom_model_data": 2012562 }, "model": "simplenergy:simple_wire/wire_unsew" },
		{ "predicate": { "custom_model_data": 2012563 }, "model": "simplenergy:simple_wire/wire_udnsew" },

		{ "predicate": { "custom_model_data": 2012600 }, "model": "simplenergy:advanced_wire/wire" },
		{ "predicate": { "custom_model_data": 2012601 }, "model": "simplenergy:advanced_wire/wire_d" },
		{ "predicate": { "custom_model_data": 2012602 }, "model": "simplenergy:advanced_wire/wire_u" },
		{ "predicate": { "custom_model_data": 2012603 }, "model": "simplenergy:advanced_wire/wire_ud" },
		{ "predicate": { "custom_model_data": 2012604 }, "model": "simplenergy:advanced_wire/wire_n" },
		{ "predicate": { "custom_model_data": 2012605 }, "model": "simplenergy:advanced_wire/wire_dn" },
		{ "predicate": { "custom_model_data": 2012606 }, "model": "simplenergy:advanced_wire/wire_un" },
		{ "predicate": { "custom_model_data": 2012607 }, "model": "simplenergy:advanced_wire/wire_udn" },
		{ "predicate": { "custom_model_data": 2012608 }, "model": "simplenergy:advanced_wire/wire_s" },
		{ "predicate": { "custom_model_data": 2012609 }, "model": "simplenergy:advanced_wire/wire_ds" },
		{ "predicate": { "custom_model_data": 2012610 }, "model": "simplenergy:advanced_wire/wire_us" },
		{ "predicate": { "custom_model_data": 2012611 }, "model": "simplenergy:advanced_wire/wire_uds" },
		{ "predicate": { "custom_model_data": 2012612 }, "model": "simplenergy:advanced_wire/wire_ns" },
		{ "predicate": { "custom_model_data": 2012613 }, "model": "simplenergy:advanced_wire/wire_dns" },
		{ "predicate": { "custom_model_data": 2012614 }, "model": "simplenergy:advanced_wire/wire_uns" },
		{ "predicate": { "custom_model_data": 2012615 }, "model": "simplenergy:advanced_wire/wire_udns" },
		{ "predicate": { "custom_model_data": 2012616 }, "model": "simplenergy:advanced_wire/wire_w" },
		{ "predicate": { "custom_model_data": 2012617 }, "model": "simplenergy:advanced_wire/wire_dw" },
		{ "predicate": { "custom_model_data": 2012618 }, "model": "simplenergy:advanced_wire/wire_uw" },
		{ "predicate": { "custom_model_data": 2012619 }, "model": "simplenergy:advanced_wire/wire_udw" },
		{ "predicate": { "custom_model_data": 2012620 }, "model": "simplenergy:advanced_wire/wire_nw" },
		{ "predicate": { "custom_model_data": 2012621 }, "model": "simplenergy:advanced_wire/wire_dnw" },
		{ "predicate": { "custom_model_data": 2012622 }, "model": "simplenergy:advanced_wire/wire_unw" },
		{ "predicate": { "custom_model_data": 2012623 }, "model": "simplenergy:advanced_wire/wire_udnw" },
		{ "predicate": { "custom_model_data": 2012624 }, "model": "simplenergy:advanced_wire/wire_sw" },
		{ "predicate": { "custom_model_data": 2012625 }, "model": "simplenergy:advanced_wire/wire_dsw" },
		{ "predicate": { "custom_model_data": 2012626 }, "model": "simplenergy:advanced_wire/wire_usw" },
		{ "predicate": { "custom_model_data": 2012627 }, "model": "simplenergy:advanced_wire/wire_udsw" },
		{ "predicate": { "custom_model_data": 2012628 }, "model": "simplenergy:advanced_wire/wire_nsw" },
		{ "predicate": { "custom_model_data": 2012629 }, "model": "simplenergy:advanced_wire/wire_dnsw" },
		{ "predicate": { "custom_model_data": 2012630 }, "model": "simplenergy:advanced_wire/wire_unsw" },
		{ "predicate": { "custom_model_data": 2012631 }, "model": "simplenergy:advanced_wire/wire_udnsw" },
		{ "predicate": { "custom_model_data": 2012632 }, "model": "simplenergy:advanced_wire/wire_e" },
		{ "predicate": { "custom_model_data": 2012633 }, "model": "simplenergy:advanced_wire/wire_de" },
		{ "predicate": { "custom_model_data": 2012634 }, "model": "simplenergy:advanced_wire/wire_ue" },
		{ "predicate": { "custom_model_data": 2012635 }, "model": "simplenergy:advanced_wire/wire_ude" },
		{ "predicate": { "custom_model_data": 2012636 }, "model": "simplenergy:advanced_wire/wire_ne" },
		{ "predicate": { "custom_model_data": 2012637 }, "model": "simplenergy:advanced_wire/wire_dne" },
		{ "predicate": { "custom_model_data": 2012638 }, "model": "simplenergy:advanced_wire/wire_une" },
		{ "predicate": { "custom_model_data": 2012639 }, "model": "simplenergy:advanced_wire/wire_udne" },
		{ "predicate": { "custom_model_data": 2012640 }, "model": "simplenergy:advanced_wire/wire_se" },
		{ "predicate": { "custom_model_data": 2012641 }, "model": "simplenergy:advanced_wire/wire_dse" },
		{ "predicate": { "custom_model_data": 2012642 }, "model": "simplenergy:advanced_wire/wire_use" },
		{ "predicate": { "custom_model_data": 2012643 }, "model": "simplenergy:advanced_wire/wire_udse" },
		{ "predicate": { "custom_model_data": 2012644 }, "model": "simplenergy:advanced_wire/wire_nse" },
		{ "predicate": { "custom_model_data": 2012645 }, "model": "simplenergy:advanced_wire/wire_dnse" },
		{ "predicate": { "custom_model_data": 2012646 }, "model": "simplenergy:advanced_wire/wire_unse" },
		{ "predicate": { "custom_model_data": 2012647 }, "model": "simplenergy:advanced_wire/wire_udnse" },
		{ "predicate": { "custom_model_data": 2012648 }, "model": "simplenergy:advanced_wire/wire_ew" },
		{ "predicate": { "custom_model_data": 2012649 }, "model": "simplenergy:advanced_wire/wire_dew" },
		{ "predicate": { "custom_model_data": 2012650 }, "model": "simplenergy:advanced_wire/wire_uew" },
		{ "predicate": { "custom_model_data": 2012651 }, "model": "simplenergy:advanced_wire/wire_udew" },
		{ "predicate": { "custom_model_data": 2012652 }, "model": "simplenergy:advanced_wire/wire_new" },
		{ "predicate": { "custom_model_data": 2012653 }, "model": "simplenergy:advanced_wire/wire_dnew" },
		{ "predicate": { "custom_model_data": 2012654 }, "model": "simplenergy:advanced_wire/wire_unew" },
		{ "predicate": { "custom_model_data": 2012655 }, "model": "simplenergy:advanced_wire/wire_udnew" },
		{ "predicate": { "custom_model_data": 2012656 }, "model": "simplenergy:advanced_wire/wire_sew" },
		{ "predicate": { "custom_model_data": 2012657 }, "model": "simplenergy:advanced_wire/wire_dsew" },
		{ "predicate": { "custom_model_data": 2012658 }, "model": "simplenergy:advanced_wire/wire_usew" },
		{ "predicate": { "custom_model_data": 2012659 }, "model": "simplenergy:advanced_wire/wire_udsew" },
		{ "predicate": { "custom_model_data": 2012660 }, "model": "simplenergy:advanced_wire/wire_nsew" },
		{ "predicate": { "custom_model_data": 2012661 }, "model": "simplenergy:advanced_wire/wire_dnsew" },
		{ "predicate": { "custom_model_data": 2012662 }, "model": "simplenergy:advanced_wire/wire_unsew" },
		{ "predicate": { "custom_model_data": 2012663 }, "model": "simplenergy:advanced_wire/wire_udnsew" },

		{ "predicate": { "custom_model_data": 2012700 }, "model": "simplenergy:elite_wire/wire" },
		{ "predicate": { "custom_model_data": 2012701 }, "model": "simplenergy:elite_wire/wire_d" },
		{ "predicate": { "custom_model_data": 2012702 }, "model": "simplenergy:elite_wire/wire_u" },
		{ "predicate": { "custom_model_data": 2012703 }, "model": "simplenergy:elite_wire/wire_ud" },
		{ "predicate": { "custom_model_data": 2012704 }, "model": "simplenergy:elite_wire/wire_n" },
		{ "predicate": { "custom_model_data": 2012705 }, "model": "simplenergy:elite_wire/wire_dn" },
		{ "predicate": { "custom_model_data": 2012706 }, "model": "simplenergy:elite_wire/wire_un" },
		{ "predicate": { "custom_model_data": 2012707 }, "model": "simplenergy:elite_wire/wire_udn" },
		{ "predicate": { "custom_model_data": 2012708 }, "model": "simplenergy:elite_wire/wire_s" },
		{ "predicate": { "custom_model_data": 2012709 }, "model": "simplenergy:elite_wire/wire_ds" },
		{ "predicate": { "custom_model_data": 2012710 }, "model": "simplenergy:elite_wire/wire_us" },
		{ "predicate": { "custom_model_data": 2012711 }, "model": "simplenergy:elite_wire/wire_uds" },
		{ "predicate": { "custom_model_data": 2012712 }, "model": "simplenergy:elite_wire/wire_ns" },
		{ "predicate": { "custom_model_data": 2012713 }, "model": "simplenergy:elite_wire/wire_dns" },
		{ "predicate": { "custom_model_data": 2012714 }, "model": "simplenergy:elite_wire/wire_uns" },
		{ "predicate": { "custom_model_data": 2012715 }, "model": "simplenergy:elite_wire/wire_udns" },
		{ "predicate": { "custom_model_data": 2012716 }, "model": "simplenergy:elite_wire/wire_w" },
		{ "predicate": { "custom_model_data": 2012717 }, "model": "simplenergy:elite_wire/wire_dw" },
		{ "predicate": { "custom_model_data": 2012718 }, "model": "simplenergy:elite_wire/wire_uw" },
		{ "predicate": { "custom_model_data": 2012719 }, "model": "simplenergy:elite_wire/wire_udw" },
		{ "predicate": { "custom_model_data": 2012720 }, "model": "simplenergy:elite_wire/wire_nw" },
		{ "predicate": { "custom_model_data": 2012721 }, "model": "simplenergy:elite_wire/wire_dnw" },
		{ "predicate": { "custom_model_data": 2012722 }, "model": "simplenergy:elite_wire/wire_unw" },
		{ "predicate": { "custom_model_data": 2012723 }, "model": "simplenergy:elite_wire/wire_udnw" },
		{ "predicate": { "custom_model_data": 2012724 }, "model": "simplenergy:elite_wire/wire_sw" },
		{ "predicate": { "custom_model_data": 2012725 }, "model": "simplenergy:elite_wire/wire_dsw" },
		{ "predicate": { "custom_model_data": 2012726 }, "model": "simplenergy:elite_wire/wire_usw" },
		{ "predicate": { "custom_model_data": 2012727 }, "model": "simplenergy:elite_wire/wire_udsw" },
		{ "predicate": { "custom_model_data": 2012728 }, "model": "simplenergy:elite_wire/wire_nsw" },
		{ "predicate": { "custom_model_data": 2012729 }, "model": "simplenergy:elite_wire/wire_dnsw" },
		{ "predicate": { "custom_model_data": 2012730 }, "model": "simplenergy:elite_wire/wire_unsw" },
		{ "predicate": { "custom_model_data": 2012731 }, "model": "simplenergy:elite_wire/wire_udnsw" },
		{ "predicate": { "custom_model_data": 2012732 }, "model": "simplenergy:elite_wire/wire_e" },
		{ "predicate": { "custom_model_data": 2012733 }, "model": "simplenergy:elite_wire/wire_de" },
		{ "predicate": { "custom_model_data": 2012734 }, "model": "simplenergy:elite_wire/wire_ue" },
		{ "predicate": { "custom_model_data": 2012735 }, "model": "simplenergy:elite_wire/wire_ude" },
		{ "predicate": { "custom_model_data": 2012736 }, "model": "simplenergy:elite_wire/wire_ne" },
		{ "predicate": { "custom_model_data": 2012737 }, "model": "simplenergy:elite_wire/wire_dne" },
		{ "predicate": { "custom_model_data": 2012738 }, "model": "simplenergy:elite_wire/wire_une" },
		{ "predicate": { "custom_model_data": 2012739 }, "model": "simplenergy:elite_wire/wire_udne" },
		{ "predicate": { "custom_model_data": 2012740 }, "model": "simplenergy:elite_wire/wire_se" },
		{ "predicate": { "custom_model_data": 2012741 }, "model": "simplenergy:elite_wire/wire_dse" },
		{ "predicate": { "custom_model_data": 2012742 }, "model": "simplenergy:elite_wire/wire_use" },
		{ "predicate": { "custom_model_data": 2012743 }, "model": "simplenergy:elite_wire/wire_udse" },
		{ "predicate": { "custom_model_data": 2012744 }, "model": "simplenergy:elite_wire/wire_nse" },
		{ "predicate": { "custom_model_data": 2012745 }, "model": "simplenergy:elite_wire/wire_dnse" },
		{ "predicate": { "custom_model_data": 2012746 }, "model": "simplenergy:elite_wire/wire_unse" },
		{ "predicate": { "custom_model_data": 2012747 }, "model": "simplenergy:elite_wire/wire_udnse" },
		{ "predicate": { "custom_model_data": 2012748 }, "model": "simplenergy:elite_wire/wire_ew" },
		{ "predicate": { "custom_model_data": 2012749 }, "model": "simplenergy:elite_wire/wire_dew" },
		{ "predicate": { "custom_model_data": 2012750 }, "model": "simplenergy:elite_wire/wire_uew" },
		{ "predicate": { "custom_model_data": 2012751 }, "model": "simplenergy:elite_wire/wire_udew" },
		{ "predicate": { "custom_model_data": 2012752 }, "model": "simplenergy:elite_wire/wire_new" },
		{ "predicate": { "custom_model_data": 2012753 }, "model": "simplenergy:elite_wire/wire_dnew" },
		{ "predicate": { "custom_model_data": 2012754 }, "model": "simplenergy:elite_wire/wire_unew" },
		{ "predicate": { "custom_model_data": 2012755 }, "model": "simplenergy:elite_wire/wire_udnew" },
		{ "predicate": { "custom_model_data": 2012756 }, "model": "simplenergy:elite_wire/wire_sew" },
		{ "predicate": { "custom_model_data": 2012757 }, "model": "simplenergy:elite_wire/wire_dsew" },
		{ "predicate": { "custom_model_data": 2012758 }, "model": "simplenergy:elite_wire/wire_usew" },
		{ "predicate": { "custom_model_data": 2012759 }, "model": "simplenergy:elite_wire/wire_udsew" },
		{ "predicate": { "custom_model_data": 2012760 }, "model": "simplenergy:elite_wire/wire_nsew" },
		{ "predicate": { "custom_model_data": 2012761 }, "model": "simplenergy:elite_wire/wire_dnsew" },
		{ "predicate": { "custom_model_data": 2012762 }, "model": "simplenergy:elite_wire/wire_unsew" },
		{ "predicate": { "custom_model_data": 2012763 }, "model": "simplenergy:elite_wire/wire_udnsew" }
	  ]
}
