{
	"parent": "block/deepslate",
	"overrides": [
		{ "predicate": { "custom_model_data": 2011929 }, "model": "simplenergy:none" },

		{ "predicate": { "custom_model_data": 2012000 }, "model": "simplenergy:placed_model/simplunium_ore" },
		{ "predicate": { "custom_model_data": 2012001 }, "model": "simplenergy:placed_model/deepslate_simplunium_ore" },
		{ "predicate": { "custom_model_data": 2012002 }, "model": "simplenergy:placed_model/raw_simplunium_block" },
		{ "predicate": { "custom_model_data": 2012003 }, "model": "simplenergy:placed_model/simplunium_block" },
		
		{ "predicate": { "custom_model_data": 2012200 }, "model": "simplenergy:placed_model/simple_battery" },
		{ "predicate": { "custom_model_data": 2012201 }, "model": "simplenergy:placed_model/advanced_battery" },
		{ "predicate": { "custom_model_data": 2012202 }, "model": "simplenergy:placed_model/elite_battery" },
		
		{ "predicate": { "custom_model_data": 2012300 }, "model": "simplenergy:placed_model/cauldron_generator" },
		{ "predicate": { "custom_model_data": 2012301 }, "model": "simplenergy:placed_model/furnace_generator" },
		{ "predicate": { "custom_model_data": 2012302 }, "model": "simplenergy:placed_model/furnace_generator_on" },
		{ "predicate": { "custom_model_data": 2012303 }, "model": "simplenergy:placed_model/solar_panel" },

		{ "predicate": { "custom_model_data": 2012400 }, "model": "simplenergy:placed_model/electric_furnace" },
		{ "predicate": { "custom_model_data": 2012401 }, "model": "simplenergy:placed_model/electric_furnace_on" },
		{ "predicate": { "custom_model_data": 2012402 }, "model": "simplenergy:placed_model/electric_smelter" },
		{ "predicate": { "custom_model_data": 2012403 }, "model": "simplenergy:placed_model/electric_smelter_on" },
		{ "predicate": { "custom_model_data": 2012404 }, "model": "simplenergy:placed_model/electric_brewing_stand" },
		{ "predicate": { "custom_model_data": 2012405 }, "model": "simplenergy:placed_model/electric_lamp" },
		{ "predicate": { "custom_model_data": 2012406 }, "model": "simplenergy:placed_model/electric_lamp_on" }
	]
}
