{
  "display": {
    "icon": {
      "id": "minecraft:command_block",
      "components": {
        "minecraft:item_model": "simplenergy:simplunium_ingot"
      }
    },
    "title": {
      "text": "SimplEnergy",
      "color": "gray"
    },
    "description": {
      "translate": "simplenergy.obtain_a_simplunium_ingot",
      "color": "green"
    },
    "background": "simplenergy:block/gui/advancement_background",
    "frame": "task",
    "show_toast": true,
    "announce_to_chat": true,
    "hidden": false
  },
  "criteria": {
    "requirement": {
      "trigger": "minecraft:inventory_changed",
      "conditions": {
        "items": [
          {
            "predicates": {
              "minecraft:custom_data": {
                "simplenergy": {
                  "simplunium_ingot": true
                }
              }
            }
          }
        ]
      }
    }
  },
  "requirements": [
    [
      "requirement"
    ]
  ]
}
