{
  "display": {
    "icon": {
      "id": "minecraft:furnace",
      "components": {
        "minecraft:item_model": "simplenergy:solar_panel"
      }
    },
    "title": {
      "translate": "simplenergy.use_the_sunlight",
      "color": "gray"
    },
    "description": {
      "translate": "simplenergy.get_your_first_solar_panel",
      "color": "green"
    },
    "frame": "task",
    "show_toast": true,
    "announce_to_chat": true,
    "hidden": false
  },
  "criteria": {
    "requirement": {
      "trigger": "minecraft:inventory_changed",
      "conditions": {
        "items": [
          {
            "predicates": {
              "minecraft:custom_data": {
                "simplenergy": {
                  "solar_panel": true
                }
              }
            }
          }
        ]
      }
    }
  },
  "requirements": [
    [
      "requirement"
    ]
  ],
  "parent": "simplenergy:visible/furnace_generator"
}
