{
	"parent": "minecraft:block/cube_all",
	"textures": {
		"down": "simplenergy:blocks/simple_battery_bottom",
		"up": "simplenergy:blocks/simple_battery_top",
		"north": "simplenergy:blocks/simple_battery_side",
		"south": "simplenergy:blocks/simple_battery_side",
		"west": "simplenergy:blocks/simple_battery_side",
		"east": "simplenergy:blocks/simple_battery_side"
	},
	"elements": [{
		"from": [ 0, 0, 0 ],
		"to": [ 16, 16, 16 ],
		"faces": {
			"down":  { "texture": "#down", "cullface": "down" },
			"up":    { "texture": "#up", "cullface": "up" },
			"north": { "texture": "#north", "cullface": "north" },
			"south": { "texture": "#south", "cullface": "south" },
			"west":  { "texture": "#west", "cullface": "west" },
			"east":  { "texture": "#east", "cullface": "east" }
		}
	}]
}