{
	"criteria": {
		"requirement": {
			"trigger": "minecraft:placed_block",
			"conditions": {
				"location": [
					{
						"condition": "minecraft:location_check",
						"predicate": {
							"block": {
								"predicates": {
									"minecraft:custom_data": {
										"simplenergy": {
											"simple_cable": true
										}
									}
								}
							}
						}
					}
				]
			}
		}
	},
	"requirements": [
		[
			"requirement"
		]
	],
	"rewards": {
		"function": "simplenergy:custom_blocks/_player_head/search_simple_cable"
	}
}
