{
	"type": "minecraft:notice",
	"title": [
		"",
		{
			"sprite": "simplenergy:item/dialog_sprite/simplunium_shovel",
			"shadow_color": [
				0,
				0,
				0,
				0
			],
			"atlas": "minecraft:items"
		},
		" ",
		{
			"translate": "simplenergy.simplunium_shovel",
			"underlined": true
		},
		" ",
		{
			"sprite": "simplenergy:item/dialog_sprite/simplunium_shovel",
			"shadow_color": [
				0,
				0,
				0,
				0
			],
			"atlas": "minecraft:items"
		}
	],
	"body": [
		{
			"type": "minecraft:plain_message",
			"contents": [
				{"text": "V   ","font": "simplenergy:manual","color": "white"},
				{"text": "\n   ","click_event": {"action": "show_dialog","dialog": "simplenergy:manual/page_32"},"hover_event": {"action": "show_text","value": [{"translate": "simplenergy.go_to_previous_page"}," (32)"]}},
				" ",
				{"text": "   ","click_event": {"action": "show_dialog","dialog": "simplenergy:manual/page_34"},"hover_event": {"action": "show_text","value": [{"translate": "simplenergy.go_to_next_page"}," (34)"]}},
				{"text": "\n   ","click_event": {"action": "show_dialog","dialog": "simplenergy:manual/page_32"},"hover_event": {"action": "show_text","value": [{"translate": "simplenergy.go_to_previous_page"}," (32)"]}},
				" ",
				{"text": "   ","click_event": {"action": "show_dialog","dialog": "simplenergy:manual/page_34"},"hover_event": {"action": "show_text","value": [{"translate": "simplenergy.go_to_next_page"}," (34)"]}}
			],
			"width": 400
		},
		{
			"type": "minecraft:plain_message",
			"contents": [
				{"text": "","font": "simplenergy:manual","color": "white","shadow_color": [0,0,0,0]},
				"\"$6\n\"U$",
				{"text": "$耡","hover_event": {"action": "show_item","id": "command_block","components": {"custom_data": {"smithed": {"dict": {"ingot": {"simplunium": true}},"ignore": {"functionality": true,"crafting": true}},"simplenergy": {"simplunium_ingot": true}},"item_model": "simplenergy:simplunium_ingot","item_name": {"translate": "simplenergy.simplunium_ingot"},"lore": [["",{"text": "I","color": "white","italic": false,"font": "simplenergy:icons"},{"translate": "simplenergy","italic": true,"color": "blue"}]]}},"click_event": {"action": "show_dialog","dialog": "simplenergy:manual/page_8"}},
				"U$  \n\"U$",
				{"text": "U$","hover_event": {"action": "show_item","id": "command_block","components": {"custom_data": {"smithed": {"dict": {"ingot": {"simplunium": true}},"ignore": {"functionality": true,"crafting": true}},"simplenergy": {"simplunium_ingot": true}},"item_model": "simplenergy:simplunium_ingot","item_name": {"translate": "simplenergy.simplunium_ingot"},"lore": [["",{"text": "I","color": "white","italic": false,"font": "simplenergy:icons"},{"translate": "simplenergy","italic": true,"color": "blue"}]]}},"click_event": {"action": "show_dialog","dialog": "simplenergy:manual/page_8"}},
				"U$  \n\"U$",
				{"text": "$肴","hover_event": {"action": "show_item","id": "minecraft:stick","components": {}}},
				"U$\"\"",
				{"text": "$$聓","hover_event": {"action": "show_item","id": "iron_shovel","components": {"custom_data": {"smithed": {"dict": {"tools": {"simplunium": true,"shovel": true}},"ignore": {"functionality": true,"crafting": true}},"simplenergy": {"simplunium_shovel": true}},"max_damage": 750,"attribute_modifiers": [{"type": "attack_damage","amount": 4.5,"operation": "add_value","slot": "mainhand","id": "minecraft:base_attack_damage"},{"type": "attack_speed","amount": -3.0,"operation": "add_value","slot": "mainhand","id": "minecraft:base_attack_speed"},{"type": "mining_efficiency","amount": 2,"operation": "add_value","slot": "mainhand","id": "simplenergy:mining_efficiency.mainhand"}],"item_model": "simplenergy:simplunium_shovel","item_name": {"translate": "simplenergy.simplunium_shovel"},"lore": [["",{"text": "I","color": "white","italic": false,"font": "simplenergy:icons"},{"translate": "simplenergy","italic": true,"color": "blue"}]]}}},
				"#$\n\"U$",
				{"text": "U$","hover_event": {"action": "show_item","id": "minecraft:stick","components": {}}},
				"U$\"\"",
				{"text": "U$","hover_event": {"action": "show_item","id": "iron_shovel","components": {"custom_data": {"smithed": {"dict": {"tools": {"simplunium": true,"shovel": true}},"ignore": {"functionality": true,"crafting": true}},"simplenergy": {"simplunium_shovel": true}},"max_damage": 750,"attribute_modifiers": [{"type": "attack_damage","amount": 4.5,"operation": "add_value","slot": "mainhand","id": "minecraft:base_attack_damage"},{"type": "attack_speed","amount": -3.0,"operation": "add_value","slot": "mainhand","id": "minecraft:base_attack_speed"},{"type": "mining_efficiency","amount": 2,"operation": "add_value","slot": "mainhand","id": "simplenergy:mining_efficiency.mainhand"}],"item_model": "simplenergy:simplunium_shovel","item_name": {"translate": "simplenergy.simplunium_shovel"},"lore": [["",{"text": "I","color": "white","italic": false,"font": "simplenergy:icons"},{"translate": "simplenergy","italic": true,"color": "blue"}]]}}},
				"#$\n\"U$",
				{"text": "$肴","hover_event": {"action": "show_item","id": "minecraft:stick","components": {}}},
				"U$  \n\"U$",
				{"text": "U$","hover_event": {"action": "show_item","id": "minecraft:stick","components": {}}},
				"U$  \n\n",
				{"text": "2##","hover_event": {"action": "show_text","value": [{"text": ""},[{"text": "","font": "simplenergy:manual","color": "white"},"\"F\n","\"","U$",{"text": "$耡"},"U$","\n","\"","U$",{"text": "U$"},"U$","\n","\"","U$",{"text": "$肴"},"U$","\"\"",{"text": "$$聓"},"\n","\"","U$",{"text": "U$"},"U$","\"\"",{"text": "U$"},"\n","\"","U$",{"text": "$肴"},"U$","\n","\"","U$",{"text": "U$"},"U$","\n"],{"text": "\n- x1 ","color": "gray"},{"translate": "simplenergy.simplunium_ingot","color": "gray"},{"text": "\n- x2 ","color": "gray"},{"translate": "simplenergy.stick","color": "gray"}]},"priority": 0},
				{"text": "舓\n","hover_event": {"action": "show_text","value": [{"text": ""},[{"text": "","font": "simplenergy:manual","color": "white"},"\"G\n","\"",{"text": "$聓"},"\n","\"",{"text": "U$"},"\n","\"\"\"\"U$U$",{"text": "$$耣"},"\n","\"\"\"\"U$U$",{"text": "U$"},"\n","\n\n"],{"translate": "simplenergy.smelting","color": "yellow"},{"text": "\n- x1 ","color": "gray"},{"translate": "simplenergy.simplunium_shovel","color": "gray"}]},"click_event": {"action": "show_dialog","dialog": "simplenergy:manual/page_9"}},
				{"text": "0##","hover_event": {"action": "show_text","value": [{"text": ""},[{"text": "","font": "simplenergy:manual","color": "white"},"\"F\n","\"","U$",{"text": "$耡"},"U$","\n","\"","U$",{"text": "U$"},"U$","\n","\"","U$",{"text": "$肴"},"U$","\"\"",{"text": "$$聓"},"\n","\"","U$",{"text": "U$"},"U$","\"\"",{"text": "U$"},"\n","\"","U$",{"text": "$肴"},"U$","\n","\"","U$",{"text": "U$"},"U$","\n"],{"text": "\n- x1 ","color": "gray"},{"translate": "simplenergy.simplunium_ingot","color": "gray"},{"text": "\n- x2 ","color": "gray"},{"translate": "simplenergy.stick","color": "gray"}]},"priority": 0},
				{"text": "0","hover_event": {"action": "show_text","value": [{"text": ""},[{"text": "","font": "simplenergy:manual","color": "white"},"\"G\n","\"",{"text": "$聓"},"\n","\"",{"text": "U$"},"\n","\"\"\"\"U$U$",{"text": "$$耣"},"\n","\"\"\"\"U$U$",{"text": "U$"},"\n","\n\n"],{"translate": "simplenergy.smelting","color": "yellow"},{"text": "\n- x1 ","color": "gray"},{"translate": "simplenergy.simplunium_shovel","color": "gray"}]},"click_event": {"action": "show_dialog","dialog": "simplenergy:manual/page_9"}},
				"\n\n\n\n\n\n\n\n\n\n\n\n\n\n\n\n"
			],
			"width": 140
		}
	]
}
