{
	"type": "minecraft:notice",
	"title": [
		"",
		{
			"sprite": "simplenergy:item/dialog_sprite/simplunium_leggings",
			"shadow_color": [
				0,
				0,
				0,
				0
			],
			"atlas": "minecraft:items"
		},
		" ",
		{
			"translate": "simplenergy.simplunium_leggings",
			"underlined": true
		},
		" ",
		{
			"sprite": "simplenergy:item/dialog_sprite/simplunium_leggings",
			"shadow_color": [
				0,
				0,
				0,
				0
			],
			"atlas": "minecraft:items"
		}
	],
	"body": [
		{
			"type": "minecraft:plain_message",
			"contents": [
				{"text": "V   ","font": "simplenergy:manual","color": "white"},
				{"text": "\n   ","click_event": {"action": "show_dialog","dialog": "simplenergy:manual/page_27"},"hover_event": {"action": "show_text","value": [{"translate": "simplenergy.go_to_previous_page"}," (27)"]}},
				" ",
				{"text": "   ","click_event": {"action": "show_dialog","dialog": "simplenergy:manual/page_29"},"hover_event": {"action": "show_text","value": [{"translate": "simplenergy.go_to_next_page"}," (29)"]}},
				{"text": "\n   ","click_event": {"action": "show_dialog","dialog": "simplenergy:manual/page_27"},"hover_event": {"action": "show_text","value": [{"translate": "simplenergy.go_to_previous_page"}," (27)"]}},
				" ",
				{"text": "   ","click_event": {"action": "show_dialog","dialog": "simplenergy:manual/page_29"},"hover_event": {"action": "show_text","value": [{"translate": "simplenergy.go_to_next_page"}," (29)"]}}
			],
			"width": 400
		},
		{
			"type": "minecraft:plain_message",
			"contents": [
				{"text": "","font": "simplenergy:manual","color": "white","shadow_color": [0,0,0,0]},
				"\"$6\n\"",
				{"text": "$耡$耡$耡","hover_event": {"action": "show_item","id": "command_block","components": {"custom_data": {"smithed": {"dict": {"ingot": {"simplunium": true}},"ignore": {"functionality": true,"crafting": true}},"simplenergy": {"simplunium_ingot": true}},"item_model": "simplenergy:simplunium_ingot","item_name": {"translate": "simplenergy.simplunium_ingot"},"lore": [["",{"text": "I","color": "white","italic": false,"font": "simplenergy:icons"},{"translate": "simplenergy","italic": true,"color": "blue"}]]}},"click_event": {"action": "show_dialog","dialog": "simplenergy:manual/page_8"}},
				"  \n\"",
				{"translate": "simplenergy.uuu","hover_event": {"action": "show_item","id": "command_block","components": {"custom_data": {"smithed": {"dict": {"ingot": {"simplunium": true}},"ignore": {"functionality": true,"crafting": true}},"simplenergy": {"simplunium_ingot": true}},"item_model": "simplenergy:simplunium_ingot","item_name": {"translate": "simplenergy.simplunium_ingot"},"lore": [["",{"text": "I","color": "white","italic": false,"font": "simplenergy:icons"},{"translate": "simplenergy","italic": true,"color": "blue"}]]}},"click_event": {"action": "show_dialog","dialog": "simplenergy:manual/page_8"}},
				"  \n\"",
				{"text": "$耡","hover_event": {"action": "show_item","id": "command_block","components": {"custom_data": {"smithed": {"dict": {"ingot": {"simplunium": true}},"ignore": {"functionality": true,"crafting": true}},"simplenergy": {"simplunium_ingot": true}},"item_model": "simplenergy:simplunium_ingot","item_name": {"translate": "simplenergy.simplunium_ingot"},"lore": [["",{"text": "I","color": "white","italic": false,"font": "simplenergy:icons"},{"translate": "simplenergy","italic": true,"color": "blue"}]]}},"click_event": {"action": "show_dialog","dialog": "simplenergy:manual/page_8"}},
				"U$",
				{"text": "$耡","hover_event": {"action": "show_item","id": "command_block","components": {"custom_data": {"smithed": {"dict": {"ingot": {"simplunium": true}},"ignore": {"functionality": true,"crafting": true}},"simplenergy": {"simplunium_ingot": true}},"item_model": "simplenergy:simplunium_ingot","item_name": {"translate": "simplenergy.simplunium_ingot"},"lore": [["",{"text": "I","color": "white","italic": false,"font": "simplenergy:icons"},{"translate": "simplenergy","italic": true,"color": "blue"}]]}},"click_event": {"action": "show_dialog","dialog": "simplenergy:manual/page_8"}},
				"\"\"",
				{"text": "$$聉","hover_event": {"action": "show_item","id": "iron_leggings","components": {"custom_data": {"smithed": {"dict": {"armor": {"simplunium": true,"leggings": true}},"ignore": {"functionality": true,"crafting": true}},"simplenergy": {"simplunium_leggings": true}},"max_damage": 675,"equippable": {"slot": "legs","asset_id": "simplenergy:simplunium"},"attribute_modifiers": [{"type": "armor","amount": 5.5,"operation": "add_value","slot": "legs","id": "simplenergy:armor.legs"}],"item_model": "simplenergy:simplunium_leggings","item_name": {"translate": "simplenergy.simplunium_leggings"},"lore": [["",{"text": "I","color": "white","italic": false,"font": "simplenergy:icons"},{"translate": "simplenergy","italic": true,"color": "blue"}]]}}},
				"#$\n\"",
				{"text": "U$","hover_event": {"action": "show_item","id": "command_block","components": {"custom_data": {"smithed": {"dict": {"ingot": {"simplunium": true}},"ignore": {"functionality": true,"crafting": true}},"simplenergy": {"simplunium_ingot": true}},"item_model": "simplenergy:simplunium_ingot","item_name": {"translate": "simplenergy.simplunium_ingot"},"lore": [["",{"text": "I","color": "white","italic": false,"font": "simplenergy:icons"},{"translate": "simplenergy","italic": true,"color": "blue"}]]}},"click_event": {"action": "show_dialog","dialog": "simplenergy:manual/page_8"}},
				"U$",
				{"text": "U$","hover_event": {"action": "show_item","id": "command_block","components": {"custom_data": {"smithed": {"dict": {"ingot": {"simplunium": true}},"ignore": {"functionality": true,"crafting": true}},"simplenergy": {"simplunium_ingot": true}},"item_model": "simplenergy:simplunium_ingot","item_name": {"translate": "simplenergy.simplunium_ingot"},"lore": [["",{"text": "I","color": "white","italic": false,"font": "simplenergy:icons"},{"translate": "simplenergy","italic": true,"color": "blue"}]]}},"click_event": {"action": "show_dialog","dialog": "simplenergy:manual/page_8"}},
				"\"\"",
				{"text": "U$","hover_event": {"action": "show_item","id": "iron_leggings","components": {"custom_data": {"smithed": {"dict": {"armor": {"simplunium": true,"leggings": true}},"ignore": {"functionality": true,"crafting": true}},"simplenergy": {"simplunium_leggings": true}},"max_damage": 675,"equippable": {"slot": "legs","asset_id": "simplenergy:simplunium"},"attribute_modifiers": [{"type": "armor","amount": 5.5,"operation": "add_value","slot": "legs","id": "simplenergy:armor.legs"}],"item_model": "simplenergy:simplunium_leggings","item_name": {"translate": "simplenergy.simplunium_leggings"},"lore": [["",{"text": "I","color": "white","italic": false,"font": "simplenergy:icons"},{"translate": "simplenergy","italic": true,"color": "blue"}]]}}},
				"#$\n\"",
				{"text": "$耡","hover_event": {"action": "show_item","id": "command_block","components": {"custom_data": {"smithed": {"dict": {"ingot": {"simplunium": true}},"ignore": {"functionality": true,"crafting": true}},"simplenergy": {"simplunium_ingot": true}},"item_model": "simplenergy:simplunium_ingot","item_name": {"translate": "simplenergy.simplunium_ingot"},"lore": [["",{"text": "I","color": "white","italic": false,"font": "simplenergy:icons"},{"translate": "simplenergy","italic": true,"color": "blue"}]]}},"click_event": {"action": "show_dialog","dialog": "simplenergy:manual/page_8"}},
				"U$",
				{"text": "$耡","hover_event": {"action": "show_item","id": "command_block","components": {"custom_data": {"smithed": {"dict": {"ingot": {"simplunium": true}},"ignore": {"functionality": true,"crafting": true}},"simplenergy": {"simplunium_ingot": true}},"item_model": "simplenergy:simplunium_ingot","item_name": {"translate": "simplenergy.simplunium_ingot"},"lore": [["",{"text": "I","color": "white","italic": false,"font": "simplenergy:icons"},{"translate": "simplenergy","italic": true,"color": "blue"}]]}},"click_event": {"action": "show_dialog","dialog": "simplenergy:manual/page_8"}},
				"  \n\"",
				{"text": "U$","hover_event": {"action": "show_item","id": "command_block","components": {"custom_data": {"smithed": {"dict": {"ingot": {"simplunium": true}},"ignore": {"functionality": true,"crafting": true}},"simplenergy": {"simplunium_ingot": true}},"item_model": "simplenergy:simplunium_ingot","item_name": {"translate": "simplenergy.simplunium_ingot"},"lore": [["",{"text": "I","color": "white","italic": false,"font": "simplenergy:icons"},{"translate": "simplenergy","italic": true,"color": "blue"}]]}},"click_event": {"action": "show_dialog","dialog": "simplenergy:manual/page_8"}},
				"U$",
				{"text": "U$","hover_event": {"action": "show_item","id": "command_block","components": {"custom_data": {"smithed": {"dict": {"ingot": {"simplunium": true}},"ignore": {"functionality": true,"crafting": true}},"simplenergy": {"simplunium_ingot": true}},"item_model": "simplenergy:simplunium_ingot","item_name": {"translate": "simplenergy.simplunium_ingot"},"lore": [["",{"text": "I","color": "white","italic": false,"font": "simplenergy:icons"},{"translate": "simplenergy","italic": true,"color": "blue"}]]}},"click_event": {"action": "show_dialog","dialog": "simplenergy:manual/page_8"}},
				"  \n\n",
				{"text": "2##","hover_event": {"action": "show_text","value": [{"text": ""},[{"text": "","font": "simplenergy:manual","color": "white"},"\"F\n","\"",{"text": "$耡"},{"text": "$耡"},{"text": "$耡"},"\n","\"",{"text": "U$"},{"text": "U$"},{"text": "U$"},"\n","\"",{"text": "$耡"},"U$",{"text": "$耡"},"\"\"",{"text": "$$聉"},"\n","\"",{"text": "U$"},"U$",{"text": "U$"},"\"\"",{"text": "U$"},"\n","\"",{"text": "$耡"},"U$",{"text": "$耡"},"\n","\"",{"text": "U$"},"U$",{"text": "U$"},"\n"],{"text": "\n- x7 ","color": "gray"},{"translate": "simplenergy.simplunium_ingot","color": "gray"}]},"priority": 0,"click_event": {"action": "show_dialog","dialog": "simplenergy:manual/page_8"}},
				{"text": "臨\n","hover_event": {"action": "show_text","value": [{"text": ""},[{"text": "","font": "simplenergy:manual","color": "white"},"\"G\n","\"",{"text": "$聉"},"\n","\"",{"text": "U$"},"\n","\"\"\"\"U$U$",{"text": "$$耣"},"\n","\"\"\"\"U$U$",{"text": "U$"},"\n","\n\n"],{"translate": "simplenergy.smelting","color": "yellow"},{"text": "\n- x1 ","color": "gray"},{"translate": "simplenergy.simplunium_leggings","color": "gray"}]},"click_event": {"action": "show_dialog","dialog": "simplenergy:manual/page_9"}},
				{"text": "0##","hover_event": {"action": "show_text","value": [{"text": ""},[{"text": "","font": "simplenergy:manual","color": "white"},"\"F\n","\"",{"text": "$耡"},{"text": "$耡"},{"text": "$耡"},"\n","\"",{"text": "U$"},{"text": "U$"},{"text": "U$"},"\n","\"",{"text": "$耡"},"U$",{"text": "$耡"},"\"\"",{"text": "$$聉"},"\n","\"",{"text": "U$"},"U$",{"text": "U$"},"\"\"",{"text": "U$"},"\n","\"",{"text": "$耡"},"U$",{"text": "$耡"},"\n","\"",{"text": "U$"},"U$",{"text": "U$"},"\n"],{"text": "\n- x7 ","color": "gray"},{"translate": "simplenergy.simplunium_ingot","color": "gray"}]},"priority": 0,"click_event": {"action": "show_dialog","dialog": "simplenergy:manual/page_8"}},
				{"text": "0","hover_event": {"action": "show_text","value": [{"text": ""},[{"text": "","font": "simplenergy:manual","color": "white"},"\"G\n","\"",{"text": "$聉"},"\n","\"",{"text": "U$"},"\n","\"\"\"\"U$U$",{"text": "$$耣"},"\n","\"\"\"\"U$U$",{"text": "U$"},"\n","\n\n"],{"translate": "simplenergy.smelting","color": "yellow"},{"text": "\n- x1 ","color": "gray"},{"translate": "simplenergy.simplunium_leggings","color": "gray"}]},"click_event": {"action": "show_dialog","dialog": "simplenergy:manual/page_9"}},
				"\n\n\n\n\n\n\n\n\n\n\n\n\n\n\n\n"
			],
			"width": 140
		}
	]
}
