{
	"type": "minecraft:notice",
	"title": {
		"translate": "simplenergy.energy",
		"underlined": true
	},
	"body": [
		{
			"type": "minecraft:plain_message",
			"contents": [
				{"text": "V   ","font": "simplenergy:manual","color": "white"},
				{"text": "\n   ","click_event": {"action": "show_dialog","dialog": "simplenergy:manual/page_6"},"hover_event": {"action": "show_text","value": [{"translate": "simplenergy.go_to_previous_page"}," (6)"]}},
				" ",
				{"text": "   ","click_event": {"action": "show_dialog","dialog": "simplenergy:manual/page_8"},"hover_event": {"action": "show_text","value": [{"translate": "simplenergy.go_to_next_page"}," (8)"]}},
				{"text": "\n   ","click_event": {"action": "show_dialog","dialog": "simplenergy:manual/page_6"},"hover_event": {"action": "show_text","value": [{"translate": "simplenergy.go_to_previous_page"}," (6)"]}},
				" ",
				{"text": "   ","click_event": {"action": "show_dialog","dialog": "simplenergy:manual/page_8"},"hover_event": {"action": "show_text","value": [{"translate": "simplenergy.go_to_next_page"}," (8)"]}}
			],
			"width": 400
		},
		{
			"type": "minecraft:plain_message",
			"contents": [
				{"text": "","font": "simplenergy:manual","color": "white","shadow_color": [0,0,0,0]},
				"\"ဦ\n\"",
				{"text": "$聥","hover_event": {"action": "show_item","id": "furnace","components": {"container": [{"slot": 0,"item": {"id": "minecraft:stone","count": 1,"components": {"minecraft:custom_data": {"smithed": {"block": {"id": "simplenergy:machine_block","from": "simplenergy"}}}}}}],"tooltip_display": {"hidden_components": ["minecraft:container"]},"item_model": "simplenergy:machine_block","item_name": {"translate": "simplenergy.machine_block"},"lore": [["",{"text": "I","color": "white","italic": false,"font": "simplenergy:icons"},{"translate": "simplenergy","italic": true,"color": "blue"}]],"custom_data": {"simplenergy": {"machine_block": true},"smithed": {"ignore": {"functionality": true,"crafting": true}}}}},"click_event": {"action": "show_dialog","dialog": "simplenergy:manual/page_42"}},
				{"text": "$聧","hover_event": {"action": "show_item","id": "furnace","components": {"custom_data": {"energy": {"storage": 0,"max_storage": 10000},"simplenergy": {"simple_battery": true},"smithed": {"ignore": {"functionality": true,"crafting": true}}},"container": [{"slot": 0,"item": {"id": "minecraft:stone","count": 1,"components": {"minecraft:custom_data": {"smithed": {"block": {"id": "simplenergy:simple_battery","from": "simplenergy"}}}}}}],"tooltip_display": {"hidden_components": ["minecraft:container"]},"lore": [{"translate": "simplenergy.energy_storage_10_mj","italic": false,"color": "gray"},["",{"text": "I","color": "white","italic": false,"font": "simplenergy:icons"},{"translate": "simplenergy","italic": true,"color": "blue"}]],"item_model": "simplenergy:simple_battery","item_name": {"translate": "simplenergy.simple_battery"}}},"click_event": {"action": "show_dialog","dialog": "simplenergy:manual/page_43"}},
				{"text": "$聩","hover_event": {"action": "show_item","id": "furnace","components": {"custom_data": {"energy": {"storage": 0,"max_storage": 25000},"simplenergy": {"advanced_battery": true},"smithed": {"ignore": {"functionality": true,"crafting": true}}},"container": [{"slot": 0,"item": {"id": "minecraft:stone","count": 1,"components": {"minecraft:custom_data": {"smithed": {"block": {"id": "simplenergy:advanced_battery","from": "simplenergy"}}}}}}],"tooltip_display": {"hidden_components": ["minecraft:container"]},"lore": [{"translate": "simplenergy.energy_storage_25_mj","italic": false,"color": "gray"},["",{"text": "I","color": "white","italic": false,"font": "simplenergy:icons"},{"translate": "simplenergy","italic": true,"color": "blue"}]],"item_model": "simplenergy:advanced_battery","item_name": {"translate": "simplenergy.advanced_battery"}}},"click_event": {"action": "show_dialog","dialog": "simplenergy:manual/page_44"}},
				{"text": "$聫","hover_event": {"action": "show_item","id": "furnace","components": {"custom_data": {"energy": {"storage": 0,"max_storage": 50000},"simplenergy": {"elite_battery": true},"smithed": {"ignore": {"functionality": true,"crafting": true}}},"container": [{"slot": 0,"item": {"id": "minecraft:stone","count": 1,"components": {"minecraft:custom_data": {"smithed": {"block": {"id": "simplenergy:elite_battery","from": "simplenergy"}}}}}}],"tooltip_display": {"hidden_components": ["minecraft:container"]},"lore": [{"translate": "simplenergy.energy_storage_50_mj","italic": false,"color": "gray"},["",{"text": "I","color": "white","italic": false,"font": "simplenergy:icons"},{"translate": "simplenergy","italic": true,"color": "blue"}]],"item_model": "simplenergy:elite_battery","item_name": {"translate": "simplenergy.elite_battery"}}},"click_event": {"action": "show_dialog","dialog": "simplenergy:manual/page_45"}},
				{"text": "$聭","hover_event": {"action": "show_item","id": "furnace","components": {"custom_data": {"energy": {"generation": 5,"max_storage": 500},"simplenergy": {"cauldron_generator": true},"smithed": {"ignore": {"functionality": true,"crafting": true}}},"container": [{"slot": 0,"item": {"id": "minecraft:stone","count": 1,"components": {"minecraft:custom_data": {"smithed": {"block": {"id": "simplenergy:cauldron_generator","from": "simplenergy"}}}}}}],"tooltip_display": {"hidden_components": ["minecraft:container"]},"lore": [{"translate": "simplenergy.energy_generation_5_kw","italic": false,"color": "gray"},{"translate": "simplenergy.energy_buffer_500_kj","italic": false,"color": "gray"},["",{"text": "I","color": "white","italic": false,"font": "simplenergy:icons"},{"translate": "simplenergy","italic": true,"color": "blue"}]],"item_model": "simplenergy:cauldron_generator","item_name": {"translate": "simplenergy.cauldron_generator"}}},"click_event": {"action": "show_dialog","dialog": "simplenergy:manual/page_46"}},
				"#\n\"",
				{"text": "!","hover_event": {"action": "show_item","id": "furnace","components": {"container": [{"slot": 0,"item": {"id": "minecraft:stone","count": 1,"components": {"minecraft:custom_data": {"smithed": {"block": {"id": "simplenergy:machine_block","from": "simplenergy"}}}}}}],"tooltip_display": {"hidden_components": ["minecraft:container"]},"item_model": "simplenergy:machine_block","item_name": {"translate": "simplenergy.machine_block"},"lore": [["",{"text": "I","color": "white","italic": false,"font": "simplenergy:icons"},{"translate": "simplenergy","italic": true,"color": "blue"}]],"custom_data": {"simplenergy": {"machine_block": true},"smithed": {"ignore": {"functionality": true,"crafting": true}}}}},"click_event": {"action": "show_dialog","dialog": "simplenergy:manual/page_42"}},
				{"text": "!","hover_event": {"action": "show_item","id": "furnace","components": {"custom_data": {"energy": {"storage": 0,"max_storage": 10000},"simplenergy": {"simple_battery": true},"smithed": {"ignore": {"functionality": true,"crafting": true}}},"container": [{"slot": 0,"item": {"id": "minecraft:stone","count": 1,"components": {"minecraft:custom_data": {"smithed": {"block": {"id": "simplenergy:simple_battery","from": "simplenergy"}}}}}}],"tooltip_display": {"hidden_components": ["minecraft:container"]},"lore": [{"translate": "simplenergy.energy_storage_10_mj","italic": false,"color": "gray"},["",{"text": "I","color": "white","italic": false,"font": "simplenergy:icons"},{"translate": "simplenergy","italic": true,"color": "blue"}]],"item_model": "simplenergy:simple_battery","item_name": {"translate": "simplenergy.simple_battery"}}},"click_event": {"action": "show_dialog","dialog": "simplenergy:manual/page_43"}},
				{"text": "!","hover_event": {"action": "show_item","id": "furnace","components": {"custom_data": {"energy": {"storage": 0,"max_storage": 25000},"simplenergy": {"advanced_battery": true},"smithed": {"ignore": {"functionality": true,"crafting": true}}},"container": [{"slot": 0,"item": {"id": "minecraft:stone","count": 1,"components": {"minecraft:custom_data": {"smithed": {"block": {"id": "simplenergy:advanced_battery","from": "simplenergy"}}}}}}],"tooltip_display": {"hidden_components": ["minecraft:container"]},"lore": [{"translate": "simplenergy.energy_storage_25_mj","italic": false,"color": "gray"},["",{"text": "I","color": "white","italic": false,"font": "simplenergy:icons"},{"translate": "simplenergy","italic": true,"color": "blue"}]],"item_model": "simplenergy:advanced_battery","item_name": {"translate": "simplenergy.advanced_battery"}}},"click_event": {"action": "show_dialog","dialog": "simplenergy:manual/page_44"}},
				{"text": "!","hover_event": {"action": "show_item","id": "furnace","components": {"custom_data": {"energy": {"storage": 0,"max_storage": 50000},"simplenergy": {"elite_battery": true},"smithed": {"ignore": {"functionality": true,"crafting": true}}},"container": [{"slot": 0,"item": {"id": "minecraft:stone","count": 1,"components": {"minecraft:custom_data": {"smithed": {"block": {"id": "simplenergy:elite_battery","from": "simplenergy"}}}}}}],"tooltip_display": {"hidden_components": ["minecraft:container"]},"lore": [{"translate": "simplenergy.energy_storage_50_mj","italic": false,"color": "gray"},["",{"text": "I","color": "white","italic": false,"font": "simplenergy:icons"},{"translate": "simplenergy","italic": true,"color": "blue"}]],"item_model": "simplenergy:elite_battery","item_name": {"translate": "simplenergy.elite_battery"}}},"click_event": {"action": "show_dialog","dialog": "simplenergy:manual/page_45"}},
				{"text": "!","hover_event": {"action": "show_item","id": "furnace","components": {"custom_data": {"energy": {"generation": 5,"max_storage": 500},"simplenergy": {"cauldron_generator": true},"smithed": {"ignore": {"functionality": true,"crafting": true}}},"container": [{"slot": 0,"item": {"id": "minecraft:stone","count": 1,"components": {"minecraft:custom_data": {"smithed": {"block": {"id": "simplenergy:cauldron_generator","from": "simplenergy"}}}}}}],"tooltip_display": {"hidden_components": ["minecraft:container"]},"lore": [{"translate": "simplenergy.energy_generation_5_kw","italic": false,"color": "gray"},{"translate": "simplenergy.energy_buffer_500_kj","italic": false,"color": "gray"},["",{"text": "I","color": "white","italic": false,"font": "simplenergy:icons"},{"translate": "simplenergy","italic": true,"color": "blue"}]],"item_model": "simplenergy:cauldron_generator","item_name": {"translate": "simplenergy.cauldron_generator"}}},"click_event": {"action": "show_dialog","dialog": "simplenergy:manual/page_46"}},
				"#\n\"",
				{"text": "$聯","hover_event": {"action": "show_item","id": "furnace","components": {"custom_data": {"energy": {"generation": 10,"max_storage": 800},"simplenergy": {"furnace_generator": true},"smithed": {"ignore": {"functionality": true,"crafting": true}}},"container": [{"slot": 0,"item": {"id": "minecraft:stone","count": 1,"components": {"minecraft:custom_data": {"smithed": {"block": {"id": "simplenergy:furnace_generator","from": "simplenergy"}}}}}}],"tooltip_display": {"hidden_components": ["minecraft:container"]},"lore": [{"translate": "simplenergy.energy_generation_10_kw","italic": false,"color": "gray"},{"translate": "simplenergy.energy_buffer_800_kj","italic": false,"color": "gray"},["",{"text": "I","color": "white","italic": false,"font": "simplenergy:icons"},{"translate": "simplenergy","italic": true,"color": "blue"}]],"item_model": "simplenergy:furnace_generator","item_name": {"translate": "simplenergy.furnace_generator"}}},"click_event": {"action": "show_dialog","dialog": "simplenergy:manual/page_47"}},
				{"text": "$聱","hover_event": {"action": "show_item","id": "furnace","components": {"custom_data": {"energy": {"generation": 80,"max_storage": 6400},"simplenergy": {"redstone_generator": true},"smithed": {"ignore": {"functionality": true,"crafting": true}}},"container": [{"slot": 0,"item": {"id": "minecraft:stone","count": 1,"components": {"minecraft:custom_data": {"smithed": {"block": {"id": "simplenergy:redstone_generator","from": "simplenergy"}}}}}}],"tooltip_display": {"hidden_components": ["minecraft:container"]},"lore": [{"translate": "simplenergy.energy_generation_80_kw","italic": false,"color": "gray"},{"translate": "simplenergy.energy_buffer_6400_kj","italic": false,"color": "gray"},["",{"text": "I","color": "white","italic": false,"font": "simplenergy:icons"},{"translate": "simplenergy","italic": true,"color": "blue"}]],"item_model": "simplenergy:redstone_generator","item_name": {"translate": "simplenergy.redstone_generator"}}},"click_event": {"action": "show_dialog","dialog": "simplenergy:manual/page_48"}},
				{"text": "$聳","hover_event": {"action": "show_item","id": "furnace","components": {"custom_data": {"energy": {"generation": 20,"max_storage": 1600},"simplenergy": {"heat_generator": true},"smithed": {"ignore": {"functionality": true,"crafting": true}}},"container": [{"slot": 0,"item": {"id": "minecraft:stone","count": 1,"components": {"minecraft:custom_data": {"smithed": {"block": {"id": "simplenergy:heat_generator","from": "simplenergy"}}}}}}],"tooltip_display": {"hidden_components": ["minecraft:container"]},"lore": [{"translate": "simplenergy.energy_generation_20_kw","italic": false,"color": "gray"},{"translate": "simplenergy.energy_buffer_1600_kj","italic": false,"color": "gray"},["",{"text": "I","color": "white","italic": false,"font": "simplenergy:icons"},{"translate": "simplenergy","italic": true,"color": "blue"}]],"item_model": "simplenergy:heat_generator","item_name": {"translate": "simplenergy.heat_generator"}}},"click_event": {"action": "show_dialog","dialog": "simplenergy:manual/page_49"}},
				{"text": "$聵","hover_event": {"action": "show_item","id": "furnace","components": {"custom_data": {"energy": {"generation": 20,"max_storage": 800},"simplenergy": {"wind_turbine": true},"smithed": {"ignore": {"functionality": true,"crafting": true}}},"container": [{"slot": 0,"item": {"id": "minecraft:stone","count": 1,"components": {"minecraft:custom_data": {"smithed": {"block": {"id": "simplenergy:wind_turbine","from": "simplenergy"}}}}}}],"tooltip_display": {"hidden_components": ["minecraft:container"]},"lore": [{"translate": "simplenergy.energy_generation_20_kw","italic": false,"color": "gray"},{"translate": "simplenergy.energy_buffer_800_kj","italic": false,"color": "gray"},["",{"text": "I","color": "white","italic": false,"font": "simplenergy:icons"},{"translate": "simplenergy","italic": true,"color": "blue"}]],"item_model": "simplenergy:wind_turbine","item_name": {"translate": "simplenergy.wind_turbine"}}},"click_event": {"action": "show_dialog","dialog": "simplenergy:manual/page_50"}},
				{"text": "$職","hover_event": {"action": "show_item","id": "furnace","components": {"custom_data": {"energy": {"generation": 4,"max_storage": 600},"simplenergy": {"solar_panel": true},"smithed": {"ignore": {"functionality": true,"crafting": true}}},"container": [{"slot": 0,"item": {"id": "minecraft:stone","count": 1,"components": {"minecraft:custom_data": {"smithed": {"block": {"id": "simplenergy:solar_panel","from": "simplenergy"}}}}}}],"tooltip_display": {"hidden_components": ["minecraft:container"]},"lore": [{"translate": "simplenergy.energy_generation_4_kw","italic": false,"color": "gray"},{"translate": "simplenergy.energy_buffer_600_kj","italic": false,"color": "gray"},["",{"text": "I","color": "white","italic": false,"font": "simplenergy:icons"},{"translate": "simplenergy","italic": true,"color": "blue"}]],"item_model": "simplenergy:solar_panel","item_name": {"translate": "simplenergy.solar_panel"}}},"click_event": {"action": "show_dialog","dialog": "simplenergy:manual/page_51"}},
				"#\n\"",
				{"text": "!","hover_event": {"action": "show_item","id": "furnace","components": {"custom_data": {"energy": {"generation": 10,"max_storage": 800},"simplenergy": {"furnace_generator": true},"smithed": {"ignore": {"functionality": true,"crafting": true}}},"container": [{"slot": 0,"item": {"id": "minecraft:stone","count": 1,"components": {"minecraft:custom_data": {"smithed": {"block": {"id": "simplenergy:furnace_generator","from": "simplenergy"}}}}}}],"tooltip_display": {"hidden_components": ["minecraft:container"]},"lore": [{"translate": "simplenergy.energy_generation_10_kw","italic": false,"color": "gray"},{"translate": "simplenergy.energy_buffer_800_kj","italic": false,"color": "gray"},["",{"text": "I","color": "white","italic": false,"font": "simplenergy:icons"},{"translate": "simplenergy","italic": true,"color": "blue"}]],"item_model": "simplenergy:furnace_generator","item_name": {"translate": "simplenergy.furnace_generator"}}},"click_event": {"action": "show_dialog","dialog": "simplenergy:manual/page_47"}},
				{"text": "!","hover_event": {"action": "show_item","id": "furnace","components": {"custom_data": {"energy": {"generation": 80,"max_storage": 6400},"simplenergy": {"redstone_generator": true},"smithed": {"ignore": {"functionality": true,"crafting": true}}},"container": [{"slot": 0,"item": {"id": "minecraft:stone","count": 1,"components": {"minecraft:custom_data": {"smithed": {"block": {"id": "simplenergy:redstone_generator","from": "simplenergy"}}}}}}],"tooltip_display": {"hidden_components": ["minecraft:container"]},"lore": [{"translate": "simplenergy.energy_generation_80_kw","italic": false,"color": "gray"},{"translate": "simplenergy.energy_buffer_6400_kj","italic": false,"color": "gray"},["",{"text": "I","color": "white","italic": false,"font": "simplenergy:icons"},{"translate": "simplenergy","italic": true,"color": "blue"}]],"item_model": "simplenergy:redstone_generator","item_name": {"translate": "simplenergy.redstone_generator"}}},"click_event": {"action": "show_dialog","dialog": "simplenergy:manual/page_48"}},
				{"text": "!","hover_event": {"action": "show_item","id": "furnace","components": {"custom_data": {"energy": {"generation": 20,"max_storage": 1600},"simplenergy": {"heat_generator": true},"smithed": {"ignore": {"functionality": true,"crafting": true}}},"container": [{"slot": 0,"item": {"id": "minecraft:stone","count": 1,"components": {"minecraft:custom_data": {"smithed": {"block": {"id": "simplenergy:heat_generator","from": "simplenergy"}}}}}}],"tooltip_display": {"hidden_components": ["minecraft:container"]},"lore": [{"translate": "simplenergy.energy_generation_20_kw","italic": false,"color": "gray"},{"translate": "simplenergy.energy_buffer_1600_kj","italic": false,"color": "gray"},["",{"text": "I","color": "white","italic": false,"font": "simplenergy:icons"},{"translate": "simplenergy","italic": true,"color": "blue"}]],"item_model": "simplenergy:heat_generator","item_name": {"translate": "simplenergy.heat_generator"}}},"click_event": {"action": "show_dialog","dialog": "simplenergy:manual/page_49"}},
				{"text": "!","hover_event": {"action": "show_item","id": "furnace","components": {"custom_data": {"energy": {"generation": 20,"max_storage": 800},"simplenergy": {"wind_turbine": true},"smithed": {"ignore": {"functionality": true,"crafting": true}}},"container": [{"slot": 0,"item": {"id": "minecraft:stone","count": 1,"components": {"minecraft:custom_data": {"smithed": {"block": {"id": "simplenergy:wind_turbine","from": "simplenergy"}}}}}}],"tooltip_display": {"hidden_components": ["minecraft:container"]},"lore": [{"translate": "simplenergy.energy_generation_20_kw","italic": false,"color": "gray"},{"translate": "simplenergy.energy_buffer_800_kj","italic": false,"color": "gray"},["",{"text": "I","color": "white","italic": false,"font": "simplenergy:icons"},{"translate": "simplenergy","italic": true,"color": "blue"}]],"item_model": "simplenergy:wind_turbine","item_name": {"translate": "simplenergy.wind_turbine"}}},"click_event": {"action": "show_dialog","dialog": "simplenergy:manual/page_50"}},
				{"text": "!","hover_event": {"action": "show_item","id": "furnace","components": {"custom_data": {"energy": {"generation": 4,"max_storage": 600},"simplenergy": {"solar_panel": true},"smithed": {"ignore": {"functionality": true,"crafting": true}}},"container": [{"slot": 0,"item": {"id": "minecraft:stone","count": 1,"components": {"minecraft:custom_data": {"smithed": {"block": {"id": "simplenergy:solar_panel","from": "simplenergy"}}}}}}],"tooltip_display": {"hidden_components": ["minecraft:container"]},"lore": [{"translate": "simplenergy.energy_generation_4_kw","italic": false,"color": "gray"},{"translate": "simplenergy.energy_buffer_600_kj","italic": false,"color": "gray"},["",{"text": "I","color": "white","italic": false,"font": "simplenergy:icons"},{"translate": "simplenergy","italic": true,"color": "blue"}]],"item_model": "simplenergy:solar_panel","item_name": {"translate": "simplenergy.solar_panel"}}},"click_event": {"action": "show_dialog","dialog": "simplenergy:manual/page_51"}},
				"#\n\"",
				{"text": "$聹","hover_event": {"action": "show_item","id": "furnace","components": {"custom_data": {"energy": {"usage": 20,"max_storage": 1600},"simplenergy": {"electric_furnace": true},"smithed": {"ignore": {"functionality": true,"crafting": true}}},"container": [{"slot": 0,"item": {"id": "minecraft:stone","count": 1,"components": {"minecraft:custom_data": {"smithed": {"block": {"id": "simplenergy:electric_furnace","from": "simplenergy"}}}}}}],"tooltip_display": {"hidden_components": ["minecraft:container"]},"lore": [{"translate": "simplenergy.power_usage_20_kw","italic": false,"color": "gray"},{"translate": "simplenergy.energy_buffer_1600_kj","italic": false,"color": "gray"},["",{"text": "I","color": "white","italic": false,"font": "simplenergy:icons"},{"translate": "simplenergy","italic": true,"color": "blue"}]],"item_model": "simplenergy:electric_furnace","item_name": {"translate": "simplenergy.electric_furnace"}}},"click_event": {"action": "show_dialog","dialog": "simplenergy:manual/page_52"}},
				{"text": "$聻","hover_event": {"action": "show_item","id": "furnace","components": {"custom_data": {"energy": {"usage": 100,"max_storage": 8000},"simplenergy": {"electric_smelter": true},"smithed": {"ignore": {"functionality": true,"crafting": true}}},"container": [{"slot": 0,"item": {"id": "minecraft:stone","count": 1,"components": {"minecraft:custom_data": {"smithed": {"block": {"id": "simplenergy:electric_smelter","from": "simplenergy"}}}}}}],"tooltip_display": {"hidden_components": ["minecraft:container"]},"lore": [{"translate": "simplenergy.power_usage_100_kw","italic": false,"color": "gray"},{"translate": "simplenergy.energy_buffer_8000_kj","italic": false,"color": "gray"},["",{"text": "I","color": "white","italic": false,"font": "simplenergy:icons"},{"translate": "simplenergy","italic": true,"color": "blue"}]],"item_model": "simplenergy:electric_smelter","item_name": {"translate": "simplenergy.electric_smelter"}}},"click_event": {"action": "show_dialog","dialog": "simplenergy:manual/page_53"}},
				{"text": "$聽","hover_event": {"action": "show_item","id": "furnace","components": {"custom_data": {"energy": {"usage": 40,"max_storage": 2400},"simplenergy": {"electric_brewing_stand": true},"smithed": {"ignore": {"functionality": true,"crafting": true}}},"container": [{"slot": 0,"item": {"id": "minecraft:stone","count": 1,"components": {"minecraft:custom_data": {"smithed": {"block": {"id": "simplenergy:electric_brewing_stand","from": "simplenergy"}}}}}}],"tooltip_display": {"hidden_components": ["minecraft:container"]},"lore": [{"translate": "simplenergy.power_usage_40_kw","italic": false,"color": "gray"},{"translate": "simplenergy.energy_buffer_2400_kj","italic": false,"color": "gray"},["",{"text": "I","color": "white","italic": false,"font": "simplenergy:icons"},{"translate": "simplenergy","italic": true,"color": "blue"}]],"item_model": "simplenergy:electric_brewing_stand","item_name": {"translate": "simplenergy.electric_brewing_stand"}}},"click_event": {"action": "show_dialog","dialog": "simplenergy:manual/page_54"}},
				{"text": "$聿","hover_event": {"action": "show_item","id": "furnace","components": {"custom_data": {"energy": {"usage": 120,"max_storage": 6400},"simplenergy": {"pulverizer": true},"smithed": {"ignore": {"functionality": true,"crafting": true}}},"container": [{"slot": 0,"item": {"id": "minecraft:stone","count": 1,"components": {"minecraft:custom_data": {"smithed": {"block": {"id": "simplenergy:pulverizer","from": "simplenergy"}}}}}}],"tooltip_display": {"hidden_components": ["minecraft:container"]},"lore": [{"translate": "simplenergy.power_usage_120_kw","italic": false,"color": "gray"},{"translate": "simplenergy.energy_buffer_6400_kj","italic": false,"color": "gray"},["",{"text": "I","color": "white","italic": false,"font": "simplenergy:icons"},{"translate": "simplenergy","italic": true,"color": "blue"}]],"item_model": "simplenergy:pulverizer","item_name": {"translate": "simplenergy.pulverizer"}}},"click_event": {"action": "show_dialog","dialog": "simplenergy:manual/page_55"}},
				{"text": "$肁","hover_event": {"action": "show_item","id": "furnace","components": {"custom_data": {"energy": {"usage": 20,"max_storage": 1200},"simplenergy": {"elevator": true},"smithed": {"ignore": {"functionality": true,"crafting": true}}},"container": [{"slot": 0,"item": {"id": "minecraft:stone","count": 1,"components": {"minecraft:custom_data": {"smithed": {"block": {"id": "simplenergy:elevator","from": "simplenergy"}}}}}}],"tooltip_display": {"hidden_components": ["minecraft:container"]},"lore": [{"translate": "simplenergy.power_usage_20_kw","italic": false,"color": "gray"},{"translate": "simplenergy.energy_buffer_1200_kj","italic": false,"color": "gray"},["",{"text": "I","color": "white","italic": false,"font": "simplenergy:icons"},{"translate": "simplenergy","italic": true,"color": "blue"}]],"item_model": "simplenergy:elevator","item_name": {"translate": "simplenergy.elevator"}}},"click_event": {"action": "show_dialog","dialog": "simplenergy:manual/page_56"}},
				"#\n\"",
				{"text": "!","hover_event": {"action": "show_item","id": "furnace","components": {"custom_data": {"energy": {"usage": 20,"max_storage": 1600},"simplenergy": {"electric_furnace": true},"smithed": {"ignore": {"functionality": true,"crafting": true}}},"container": [{"slot": 0,"item": {"id": "minecraft:stone","count": 1,"components": {"minecraft:custom_data": {"smithed": {"block": {"id": "simplenergy:electric_furnace","from": "simplenergy"}}}}}}],"tooltip_display": {"hidden_components": ["minecraft:container"]},"lore": [{"translate": "simplenergy.power_usage_20_kw","italic": false,"color": "gray"},{"translate": "simplenergy.energy_buffer_1600_kj","italic": false,"color": "gray"},["",{"text": "I","color": "white","italic": false,"font": "simplenergy:icons"},{"translate": "simplenergy","italic": true,"color": "blue"}]],"item_model": "simplenergy:electric_furnace","item_name": {"translate": "simplenergy.electric_furnace"}}},"click_event": {"action": "show_dialog","dialog": "simplenergy:manual/page_52"}},
				{"text": "!","hover_event": {"action": "show_item","id": "furnace","components": {"custom_data": {"energy": {"usage": 100,"max_storage": 8000},"simplenergy": {"electric_smelter": true},"smithed": {"ignore": {"functionality": true,"crafting": true}}},"container": [{"slot": 0,"item": {"id": "minecraft:stone","count": 1,"components": {"minecraft:custom_data": {"smithed": {"block": {"id": "simplenergy:electric_smelter","from": "simplenergy"}}}}}}],"tooltip_display": {"hidden_components": ["minecraft:container"]},"lore": [{"translate": "simplenergy.power_usage_100_kw","italic": false,"color": "gray"},{"translate": "simplenergy.energy_buffer_8000_kj","italic": false,"color": "gray"},["",{"text": "I","color": "white","italic": false,"font": "simplenergy:icons"},{"translate": "simplenergy","italic": true,"color": "blue"}]],"item_model": "simplenergy:electric_smelter","item_name": {"translate": "simplenergy.electric_smelter"}}},"click_event": {"action": "show_dialog","dialog": "simplenergy:manual/page_53"}},
				{"text": "!","hover_event": {"action": "show_item","id": "furnace","components": {"custom_data": {"energy": {"usage": 40,"max_storage": 2400},"simplenergy": {"electric_brewing_stand": true},"smithed": {"ignore": {"functionality": true,"crafting": true}}},"container": [{"slot": 0,"item": {"id": "minecraft:stone","count": 1,"components": {"minecraft:custom_data": {"smithed": {"block": {"id": "simplenergy:electric_brewing_stand","from": "simplenergy"}}}}}}],"tooltip_display": {"hidden_components": ["minecraft:container"]},"lore": [{"translate": "simplenergy.power_usage_40_kw","italic": false,"color": "gray"},{"translate": "simplenergy.energy_buffer_2400_kj","italic": false,"color": "gray"},["",{"text": "I","color": "white","italic": false,"font": "simplenergy:icons"},{"translate": "simplenergy","italic": true,"color": "blue"}]],"item_model": "simplenergy:electric_brewing_stand","item_name": {"translate": "simplenergy.electric_brewing_stand"}}},"click_event": {"action": "show_dialog","dialog": "simplenergy:manual/page_54"}},
				{"text": "!","hover_event": {"action": "show_item","id": "furnace","components": {"custom_data": {"energy": {"usage": 120,"max_storage": 6400},"simplenergy": {"pulverizer": true},"smithed": {"ignore": {"functionality": true,"crafting": true}}},"container": [{"slot": 0,"item": {"id": "minecraft:stone","count": 1,"components": {"minecraft:custom_data": {"smithed": {"block": {"id": "simplenergy:pulverizer","from": "simplenergy"}}}}}}],"tooltip_display": {"hidden_components": ["minecraft:container"]},"lore": [{"translate": "simplenergy.power_usage_120_kw","italic": false,"color": "gray"},{"translate": "simplenergy.energy_buffer_6400_kj","italic": false,"color": "gray"},["",{"text": "I","color": "white","italic": false,"font": "simplenergy:icons"},{"translate": "simplenergy","italic": true,"color": "blue"}]],"item_model": "simplenergy:pulverizer","item_name": {"translate": "simplenergy.pulverizer"}}},"click_event": {"action": "show_dialog","dialog": "simplenergy:manual/page_55"}},
				{"text": "!","hover_event": {"action": "show_item","id": "furnace","components": {"custom_data": {"energy": {"usage": 20,"max_storage": 1200},"simplenergy": {"elevator": true},"smithed": {"ignore": {"functionality": true,"crafting": true}}},"container": [{"slot": 0,"item": {"id": "minecraft:stone","count": 1,"components": {"minecraft:custom_data": {"smithed": {"block": {"id": "simplenergy:elevator","from": "simplenergy"}}}}}}],"tooltip_display": {"hidden_components": ["minecraft:container"]},"lore": [{"translate": "simplenergy.power_usage_20_kw","italic": false,"color": "gray"},{"translate": "simplenergy.energy_buffer_1200_kj","italic": false,"color": "gray"},["",{"text": "I","color": "white","italic": false,"font": "simplenergy:icons"},{"translate": "simplenergy","italic": true,"color": "blue"}]],"item_model": "simplenergy:elevator","item_name": {"translate": "simplenergy.elevator"}}},"click_event": {"action": "show_dialog","dialog": "simplenergy:manual/page_56"}},
				"#\n\"",
				{"text": "$肃","hover_event": {"action": "show_item","id": "player_head","components": {"custom_data": {"energy": {"transfer": 40},"simplenergy": {"simple_cable": true},"smithed": {"ignore": {"functionality": true,"crafting": true}}},"profile": {"id": [-709098200,1001541428,-2043264882,-430220135],"properties": [{"name": "textures","value": "eyJ0ZXh0dXJlcyI6eyJTS0lOIjp7InVybCI6Imh0dHA6Ly90ZXh0dXJlcy5taW5lY3JhZnQubmV0L3RleHR1cmUvOTE2MTcxZjY3ZGUxNzQxMzA4ZTUxYzNmNTBkODE1M2YzMmIzNDljNDYwODgxYzZjODM5ZTYwMTk1NDM1ODliMSJ9fX0="}]},"lore": [{"translate": "simplenergy.transfer_speed_40_kw","italic": false,"color": "gray"},["",{"text": "I","color": "white","italic": false,"font": "simplenergy:icons"},{"translate": "simplenergy","italic": true,"color": "blue"}]],"item_name": {"translate": "simplenergy.simple_cable"}}},"click_event": {"action": "show_dialog","dialog": "simplenergy:manual/page_57"}},
				{"text": "$肅","hover_event": {"action": "show_item","id": "player_head","components": {"custom_data": {"energy": {"transfer": 120},"simplenergy": {"advanced_cable": true},"smithed": {"ignore": {"functionality": true,"crafting": true}}},"profile": {"id": [-709098200,1001541428,-2043264882,-430220135],"properties": [{"name": "textures","value": "eyJ0ZXh0dXJlcyI6eyJTS0lOIjp7InVybCI6Imh0dHA6Ly90ZXh0dXJlcy5taW5lY3JhZnQubmV0L3RleHR1cmUvYzlmNjNlZGIwMDA4NWM1Mzk0Y2FmZjg2Yzk3ZmU4NGQxYmUwMGEwMDcxMDE4Y2YwOTAwZTdiNjMwYTY2Y2VlZSJ9fX0="}]},"lore": [{"translate": "simplenergy.transfer_speed_120_kw","italic": false,"color": "gray"},["",{"text": "I","color": "white","italic": false,"font": "simplenergy:icons"},{"translate": "simplenergy","italic": true,"color": "blue"}]],"item_name": {"translate": "simplenergy.advanced_cable"}}},"click_event": {"action": "show_dialog","dialog": "simplenergy:manual/page_58"}},
				{"text": "$肇","hover_event": {"action": "show_item","id": "player_head","components": {"custom_data": {"energy": {"transfer": 240},"simplenergy": {"elite_cable": true},"smithed": {"ignore": {"functionality": true,"crafting": true}}},"profile": {"id": [-709098200,1001541428,-2043264882,-430220135],"properties": [{"name": "textures","value": "eyJ0ZXh0dXJlcyI6eyJTS0lOIjp7InVybCI6Imh0dHA6Ly90ZXh0dXJlcy5taW5lY3JhZnQubmV0L3RleHR1cmUvZjlmMzJjOWNkNTU2MzJmNjEzZjRhMDU2ZGEyYzJhYTkzZjMwOTk2ZGY2NzMxZTcyYmM1NDA4NzA4ZGE5MWYzOCJ9fX0="}]},"lore": [{"translate": "simplenergy.transfer_speed_240_kw","italic": false,"color": "gray"},["",{"text": "I","color": "white","italic": false,"font": "simplenergy:icons"},{"translate": "simplenergy","italic": true,"color": "blue"}]],"item_name": {"translate": "simplenergy.elite_cable"}}},"click_event": {"action": "show_dialog","dialog": "simplenergy:manual/page_59"}},
				{"text": "$肉","hover_event": {"action": "show_item","id": "furnace","components": {"container": [{"slot": 0,"item": {"id": "minecraft:stone","count": 1,"components": {"minecraft:custom_data": {"smithed": {"block": {"id": "simplenergy:basic_item_cable","from": "simplenergy"}}}}}}],"tooltip_display": {"hidden_components": ["minecraft:container"]},"item_model": "simplenergy:basic_item_cable","item_name": {"translate": "simplenergy.basic_item_cable"},"lore": [["",{"text": "I","color": "white","italic": false,"font": "simplenergy:icons"},{"translate": "simplenergy","italic": true,"color": "blue"}]],"custom_data": {"simplenergy": {"basic_item_cable": true},"smithed": {"ignore": {"functionality": true,"crafting": true}}}}},"click_event": {"action": "show_dialog","dialog": "simplenergy:manual/page_60"}},
				{"text": "$肋","hover_event": {"action": "show_item","id": "item_frame","components": {"custom_data": {"simplenergy": {"stack_limit": 4,"retry_limit": 1,"servo_extractor": true},"smithed": {"ignore": {"functionality": true,"crafting": true}}},"entity_data": {"id": "minecraft:item_frame","Tags": ["simplenergy.new","simplenergy.servo_extractor"],"Invisible": true,"Silent": true},"item_model": "simplenergy:servo_extractor","item_name": {"translate": "simplenergy.servo_extractor"},"lore": [["",{"text": "I","color": "white","italic": false,"font": "simplenergy:icons"},{"translate": "simplenergy","italic": true,"color": "blue"}]]}},"click_event": {"action": "show_dialog","dialog": "simplenergy:manual/page_61"}},
				"#\n\"",
				{"text": "!","hover_event": {"action": "show_item","id": "player_head","components": {"custom_data": {"energy": {"transfer": 40},"simplenergy": {"simple_cable": true},"smithed": {"ignore": {"functionality": true,"crafting": true}}},"profile": {"id": [-709098200,1001541428,-2043264882,-430220135],"properties": [{"name": "textures","value": "eyJ0ZXh0dXJlcyI6eyJTS0lOIjp7InVybCI6Imh0dHA6Ly90ZXh0dXJlcy5taW5lY3JhZnQubmV0L3RleHR1cmUvOTE2MTcxZjY3ZGUxNzQxMzA4ZTUxYzNmNTBkODE1M2YzMmIzNDljNDYwODgxYzZjODM5ZTYwMTk1NDM1ODliMSJ9fX0="}]},"lore": [{"translate": "simplenergy.transfer_speed_40_kw","italic": false,"color": "gray"},["",{"text": "I","color": "white","italic": false,"font": "simplenergy:icons"},{"translate": "simplenergy","italic": true,"color": "blue"}]],"item_name": {"translate": "simplenergy.simple_cable"}}},"click_event": {"action": "show_dialog","dialog": "simplenergy:manual/page_57"}},
				{"text": "!","hover_event": {"action": "show_item","id": "player_head","components": {"custom_data": {"energy": {"transfer": 120},"simplenergy": {"advanced_cable": true},"smithed": {"ignore": {"functionality": true,"crafting": true}}},"profile": {"id": [-709098200,1001541428,-2043264882,-430220135],"properties": [{"name": "textures","value": "eyJ0ZXh0dXJlcyI6eyJTS0lOIjp7InVybCI6Imh0dHA6Ly90ZXh0dXJlcy5taW5lY3JhZnQubmV0L3RleHR1cmUvYzlmNjNlZGIwMDA4NWM1Mzk0Y2FmZjg2Yzk3ZmU4NGQxYmUwMGEwMDcxMDE4Y2YwOTAwZTdiNjMwYTY2Y2VlZSJ9fX0="}]},"lore": [{"translate": "simplenergy.transfer_speed_120_kw","italic": false,"color": "gray"},["",{"text": "I","color": "white","italic": false,"font": "simplenergy:icons"},{"translate": "simplenergy","italic": true,"color": "blue"}]],"item_name": {"translate": "simplenergy.advanced_cable"}}},"click_event": {"action": "show_dialog","dialog": "simplenergy:manual/page_58"}},
				{"text": "!","hover_event": {"action": "show_item","id": "player_head","components": {"custom_data": {"energy": {"transfer": 240},"simplenergy": {"elite_cable": true},"smithed": {"ignore": {"functionality": true,"crafting": true}}},"profile": {"id": [-709098200,1001541428,-2043264882,-430220135],"properties": [{"name": "textures","value": "eyJ0ZXh0dXJlcyI6eyJTS0lOIjp7InVybCI6Imh0dHA6Ly90ZXh0dXJlcy5taW5lY3JhZnQubmV0L3RleHR1cmUvZjlmMzJjOWNkNTU2MzJmNjEzZjRhMDU2ZGEyYzJhYTkzZjMwOTk2ZGY2NzMxZTcyYmM1NDA4NzA4ZGE5MWYzOCJ9fX0="}]},"lore": [{"translate": "simplenergy.transfer_speed_240_kw","italic": false,"color": "gray"},["",{"text": "I","color": "white","italic": false,"font": "simplenergy:icons"},{"translate": "simplenergy","italic": true,"color": "blue"}]],"item_name": {"translate": "simplenergy.elite_cable"}}},"click_event": {"action": "show_dialog","dialog": "simplenergy:manual/page_59"}},
				{"text": "!","hover_event": {"action": "show_item","id": "furnace","components": {"container": [{"slot": 0,"item": {"id": "minecraft:stone","count": 1,"components": {"minecraft:custom_data": {"smithed": {"block": {"id": "simplenergy:basic_item_cable","from": "simplenergy"}}}}}}],"tooltip_display": {"hidden_components": ["minecraft:container"]},"item_model": "simplenergy:basic_item_cable","item_name": {"translate": "simplenergy.basic_item_cable"},"lore": [["",{"text": "I","color": "white","italic": false,"font": "simplenergy:icons"},{"translate": "simplenergy","italic": true,"color": "blue"}]],"custom_data": {"simplenergy": {"basic_item_cable": true},"smithed": {"ignore": {"functionality": true,"crafting": true}}}}},"click_event": {"action": "show_dialog","dialog": "simplenergy:manual/page_60"}},
				{"text": "!","hover_event": {"action": "show_item","id": "item_frame","components": {"custom_data": {"simplenergy": {"stack_limit": 4,"retry_limit": 1,"servo_extractor": true},"smithed": {"ignore": {"functionality": true,"crafting": true}}},"entity_data": {"id": "minecraft:item_frame","Tags": ["simplenergy.new","simplenergy.servo_extractor"],"Invisible": true,"Silent": true},"item_model": "simplenergy:servo_extractor","item_name": {"translate": "simplenergy.servo_extractor"},"lore": [["",{"text": "I","color": "white","italic": false,"font": "simplenergy:icons"},{"translate": "simplenergy","italic": true,"color": "blue"}]]}},"click_event": {"action": "show_dialog","dialog": "simplenergy:manual/page_61"}},
				"#\n\"",
				{"text": "$肍","hover_event": {"action": "show_item","id": "item_frame","components": {"custom_data": {"simplenergy": {"stack_limit": 4,"retry_limit": 1,"servo_inserter": true},"smithed": {"ignore": {"functionality": true,"crafting": true}}},"entity_data": {"id": "minecraft:item_frame","Tags": ["simplenergy.new","simplenergy.servo_inserter"],"Invisible": true,"Silent": true},"item_model": "simplenergy:servo_inserter","item_name": {"translate": "simplenergy.servo_inserter"},"lore": [["",{"text": "I","color": "white","italic": false,"font": "simplenergy:icons"},{"translate": "simplenergy","italic": true,"color": "blue"}]]}},"click_event": {"action": "show_dialog","dialog": "simplenergy:manual/page_62"}},
				"!!!!#\n\"",
				{"text": "!","hover_event": {"action": "show_item","id": "item_frame","components": {"custom_data": {"simplenergy": {"stack_limit": 4,"retry_limit": 1,"servo_inserter": true},"smithed": {"ignore": {"functionality": true,"crafting": true}}},"entity_data": {"id": "minecraft:item_frame","Tags": ["simplenergy.new","simplenergy.servo_inserter"],"Invisible": true,"Silent": true},"item_model": "simplenergy:servo_inserter","item_name": {"translate": "simplenergy.servo_inserter"},"lore": [["",{"text": "I","color": "white","italic": false,"font": "simplenergy:icons"},{"translate": "simplenergy","italic": true,"color": "blue"}]]}},"click_event": {"action": "show_dialog","dialog": "simplenergy:manual/page_62"}},
				"!!!!#\n",
				"\n\n\n\n\n\n\n\n\n\n\n\n\n\n"
			],
			"width": 140
		}
	]
}
