{
	"type": "minecraft:notice",
	"title": [
		"",
		{
			"sprite": "simplenergy:item/dialog_sprite/emerald_dust",
			"shadow_color": [
				0,
				0,
				0,
				0
			],
			"atlas": "minecraft:items"
		},
		" ",
		{
			"translate": "simplenergy.emerald_dust",
			"underlined": true
		},
		" ",
		{
			"sprite": "simplenergy:item/dialog_sprite/emerald_dust",
			"shadow_color": [
				0,
				0,
				0,
				0
			],
			"atlas": "minecraft:items"
		}
	],
	"body": [
		{
			"type": "minecraft:plain_message",
			"contents": [
				{"text": "V   ","font": "simplenergy:manual","color": "white"},
				{"text": "\n   ","click_event": {"action": "show_dialog","dialog": "simplenergy:manual/page_20"},"hover_event": {"action": "show_text","value": [{"translate": "simplenergy.go_to_previous_page"}," (20)"]}},
				" ",
				{"text": "   ","click_event": {"action": "show_dialog","dialog": "simplenergy:manual/page_22"},"hover_event": {"action": "show_text","value": [{"translate": "simplenergy.go_to_next_page"}," (22)"]}},
				{"text": "\n   ","click_event": {"action": "show_dialog","dialog": "simplenergy:manual/page_20"},"hover_event": {"action": "show_text","value": [{"translate": "simplenergy.go_to_previous_page"}," (20)"]}},
				" ",
				{"text": "   ","click_event": {"action": "show_dialog","dialog": "simplenergy:manual/page_22"},"hover_event": {"action": "show_text","value": [{"translate": "simplenergy.go_to_next_page"}," (22)"]}}
			],
			"width": 400
		},
		{
			"type": "minecraft:plain_message",
			"contents": [
				{"text": "","font": "simplenergy:manual","color": "white","shadow_color": [0,0,0,0]},
				"\"$9\n\n\n\"",
				{"text": "$膞","hover_event": {"action": "show_item","id": "minecraft:emerald_ore","components": {}}},
				"\"\"\"\"#U$",
				{"text": "$$膝","hover_event": {"action": "show_item","id": "command_block","components": {"custom_data": {"smithed": {"dict": {"dust": {"emerald": true}},"ignore": {"functionality": true,"crafting": true}},"simplenergy": {"emerald_dust": true}},"item_model": "simplenergy:emerald_dust","item_name": {"translate": "simplenergy.emerald_dust"},"lore": [["",{"text": "I","color": "white","italic": false,"font": "simplenergy:icons"},{"translate": "simplenergy","italic": true,"color": "blue"}]]}}},
				"#$\n\"",
				{"text": "U$","hover_event": {"action": "show_item","id": "minecraft:emerald_ore","components": {}}},
				"\"\"\"\"#U$",
				{"text": "U$","hover_event": {"action": "show_item","id": "command_block","components": {"custom_data": {"smithed": {"dict": {"dust": {"emerald": true}},"ignore": {"functionality": true,"crafting": true}},"simplenergy": {"emerald_dust": true}},"item_model": "simplenergy:emerald_dust","item_name": {"translate": "simplenergy.emerald_dust"},"lore": [["",{"text": "I","color": "white","italic": false,"font": "simplenergy:icons"},{"translate": "simplenergy","italic": true,"color": "blue"}]]}}},
				"#$\n\n\n",
				{"text": "膡##","hover_event": {"action": "show_text","value": [{"text": ""},[{"text": "","font": "simplenergy:manual","color": "white"},"\"G\n","\"",{"text": "$耻"},"\n","\"",{"text": "U$"},"\n","\"\"\"\"U$U$",{"text": "$$胣"},"\n","\"\"\"\"U$U$",{"text": "U$"},"\n","\n\n"],{"translate": "simplenergy.smelting","color": "yellow"},{"text": "\n- x1 ","color": "gray"},{"translate": "simplenergy.emerald_dust","color": "gray"}]}},
				{"text": "2##","hover_event": {"action": "show_text","value": [{"text": ""},[{"text": "","font": "simplenergy:manual","color": "white"},"\"I\n","\n\n","\"",{"text": "$胣"},"\"\"\"\"#U$",{"text": "$$耻"},"\n","\"",{"text": "U$"},"\"\"\"\"#U$",{"text": "U$"},"\n","\n"],{"translate": "simplenergy_pulverizing","color": "yellow"},{"text": "\n- x1 ","color": "gray"},{"translate": "simplenergy.emerald","color": "gray"}]}},
				{"text": "2##","hover_event": {"action": "show_text","value": [{"text": ""},[{"text": "","font": "simplenergy:manual","color": "white"},"\"I\n","\n\n","\"",{"text": "$膞"},"\"\"\"\"#U$",{"text": "$$膝"},"\n","\"",{"text": "U$"},"\"\"\"\"#U$",{"text": "U$"},"\n","\n"],{"translate": "simplenergy_pulverizing","color": "yellow"},{"text": "\n- x1 ","color": "gray"},{"translate": "simplenergy.emerald_ore","color": "gray"}]}},
				{"text": "2\n","hover_event": {"action": "show_text","value": [{"text": ""},[{"text": "","font": "simplenergy:manual","color": "white"},"\"I\n","\n\n","\"",{"text": "$膧"},"\"\"\"\"#U$",{"text": "$$膝"},"\n","\"",{"text": "U$"},"\"\"\"\"#U$",{"text": "U$"},"\n","\n"],{"translate": "simplenergy_pulverizing","color": "yellow"},{"text": "\n- x1 ","color": "gray"},{"translate": "simplenergy.deepslate_emerald_ore","color": "gray"}]}},
				{"text": "0##","hover_event": {"action": "show_text","value": [{"text": ""},[{"text": "","font": "simplenergy:manual","color": "white"},"\"G\n","\"",{"text": "$耻"},"\n","\"",{"text": "U$"},"\n","\"\"\"\"U$U$",{"text": "$$胣"},"\n","\"\"\"\"U$U$",{"text": "U$"},"\n","\n\n"],{"translate": "simplenergy.smelting","color": "yellow"},{"text": "\n- x1 ","color": "gray"},{"translate": "simplenergy.emerald_dust","color": "gray"}]}},
				{"text": "0##","hover_event": {"action": "show_text","value": [{"text": ""},[{"text": "","font": "simplenergy:manual","color": "white"},"\"I\n","\n\n","\"",{"text": "$胣"},"\"\"\"\"#U$",{"text": "$$耻"},"\n","\"",{"text": "U$"},"\"\"\"\"#U$",{"text": "U$"},"\n","\n"],{"translate": "simplenergy_pulverizing","color": "yellow"},{"text": "\n- x1 ","color": "gray"},{"translate": "simplenergy.emerald","color": "gray"}]}},
				{"text": "0##","hover_event": {"action": "show_text","value": [{"text": ""},[{"text": "","font": "simplenergy:manual","color": "white"},"\"I\n","\n\n","\"",{"text": "$膞"},"\"\"\"\"#U$",{"text": "$$膝"},"\n","\"",{"text": "U$"},"\"\"\"\"#U$",{"text": "U$"},"\n","\n"],{"translate": "simplenergy_pulverizing","color": "yellow"},{"text": "\n- x1 ","color": "gray"},{"translate": "simplenergy.emerald_ore","color": "gray"}]}},
				{"text": "0","hover_event": {"action": "show_text","value": [{"text": ""},[{"text": "","font": "simplenergy:manual","color": "white"},"\"I\n","\n\n","\"",{"text": "$膧"},"\"\"\"\"#U$",{"text": "$$膝"},"\n","\"",{"text": "U$"},"\"\"\"\"#U$",{"text": "U$"},"\n","\n"],{"translate": "simplenergy_pulverizing","color": "yellow"},{"text": "\n- x1 ","color": "gray"},{"translate": "simplenergy.deepslate_emerald_ore","color": "gray"}]}},
				"\n\n\n\n\n\n\n\n\n\n\n\n\n\n\n\n\n"
			],
			"width": 140
		}
	]
}
