{
	"type": "minecraft:notice",
	"title": [
		"",
		{
			"sprite": "simplenergy:item/dialog_sprite/manual",
			"shadow_color": [
				0,
				0,
				0,
				0
			],
			"atlas": "minecraft:items"
		},
		" ",
		{
			"translate": "simplenergy_manual",
			"underlined": true
		},
		" ",
		{
			"sprite": "simplenergy:item/dialog_sprite/manual",
			"shadow_color": [
				0,
				0,
				0,
				0
			],
			"atlas": "minecraft:items"
		}
	],
	"body": [
		{
			"type": "minecraft:plain_message",
			"contents": [
				{"text": "V   ","font": "simplenergy:manual","color": "white"},
				{"text": "\n   ","click_event": {"action": "show_dialog","dialog": "simplenergy:manual/page_40"},"hover_event": {"action": "show_text","value": [{"translate": "simplenergy.go_to_previous_page"}," (40)"]}},
				" ",
				{"text": "   ","click_event": {"action": "show_dialog","dialog": "simplenergy:manual/page_42"},"hover_event": {"action": "show_text","value": [{"translate": "simplenergy.go_to_next_page"}," (42)"]}},
				{"text": "\n   ","click_event": {"action": "show_dialog","dialog": "simplenergy:manual/page_40"},"hover_event": {"action": "show_text","value": [{"translate": "simplenergy.go_to_previous_page"}," (40)"]}},
				" ",
				{"text": "   ","click_event": {"action": "show_dialog","dialog": "simplenergy:manual/page_42"},"hover_event": {"action": "show_text","value": [{"translate": "simplenergy.go_to_next_page"}," (42)"]}}
			],
			"width": 400
		},
		{
			"type": "minecraft:plain_message",
			"contents": [
				{"text": "","font": "simplenergy:manual","color": "white","shadow_color": [0,0,0,0]},
				"\"$5\n\"",
				{"text": "$胵","hover_event": {"action": "show_item","id": "minecraft:book","components": {}}},
				{"text": "$耡","hover_event": {"action": "show_item","id": "command_block","components": {"custom_data": {"smithed": {"dict": {"ingot": {"simplunium": true}},"ignore": {"functionality": true,"crafting": true}},"simplenergy": {"simplunium_ingot": true}},"item_model": "simplenergy:simplunium_ingot","item_name": {"translate": "simplenergy.simplunium_ingot"},"lore": [["",{"text": "I","color": "white","italic": false,"font": "simplenergy:icons"},{"translate": "simplenergy","italic": true,"color": "blue"}]]}},"click_event": {"action": "show_dialog","dialog": "simplenergy:manual/page_8"}},
				"  \n\"",
				{"text": "U$","hover_event": {"action": "show_item","id": "minecraft:book","components": {}}},
				{"text": "U$","hover_event": {"action": "show_item","id": "command_block","components": {"custom_data": {"smithed": {"dict": {"ingot": {"simplunium": true}},"ignore": {"functionality": true,"crafting": true}},"simplenergy": {"simplunium_ingot": true}},"item_model": "simplenergy:simplunium_ingot","item_name": {"translate": "simplenergy.simplunium_ingot"},"lore": [["",{"text": "I","color": "white","italic": false,"font": "simplenergy:icons"},{"translate": "simplenergy","italic": true,"color": "blue"}]]}},"click_event": {"action": "show_dialog","dialog": "simplenergy:manual/page_8"}},
				"U$",
				{"text": "$$聣","hover_event": {"action": "show_item","id": "written_book","components": {"item_name": "SimplEnergy Manual","item_model": "simplenergy:manual","lore": [["",{"text": "I","color": "white","italic": false,"font": "simplenergy:icons"},{"translate": "simplenergy","italic": true,"color": "blue"}]],"custom_data": {"simplenergy": {"manual": true},"smithed": {"ignore": {"functionality": true,"crafting": true}}}}}},
				"#$\n\"U$U$U$",
				{"text": "U$","hover_event": {"action": "show_item","id": "written_book","components": {"item_name": "SimplEnergy Manual","item_model": "simplenergy:manual","lore": [["",{"text": "I","color": "white","italic": false,"font": "simplenergy:icons"},{"translate": "simplenergy","italic": true,"color": "blue"}]],"custom_data": {"simplenergy": {"manual": true},"smithed": {"ignore": {"functionality": true,"crafting": true}}}}}},
				"#$\n\n\n",
				{"text": "2##","hover_event": {"action": "show_text","value": [{"text": ""},[{"text": "","font": "simplenergy:manual","color": "white"},"\"E\n","\"",{"text": "$胵"},{"text": "$耡"},"\n","\"",{"text": "U$"},{"text": "U$"},"U$",{"text": "$$聣"},"\n\"","U$U$U$",{"text": "U$"},"\n","\n"],{"text": "\n- x1 ","color": "gray"},{"translate": "simplenergy.book","color": "gray"},{"text": "\n- x1 ","color": "gray"},{"translate": "simplenergy.simplunium_ingot","color": "gray"}]}},
				{"text": "2\n","hover_event": {"action": "show_text","value": [{"text": ""},[{"text": "","font": "simplenergy:manual","color": "white"},"\"E\n","\"",{"text": "$聣"},"\n","\"",{"text": "U$"},"U$U$",{"text": "$$聣"},"\n\"","U$U$U$",{"text": "U$"},"\n","\n"],{"text": "\n- x1 ","color": "gray"},{"translate": "simplenergy_manual","color": "gray"}]}},
				{"text": "0##","hover_event": {"action": "show_text","value": [{"text": ""},[{"text": "","font": "simplenergy:manual","color": "white"},"\"E\n","\"",{"text": "$胵"},{"text": "$耡"},"\n","\"",{"text": "U$"},{"text": "U$"},"U$",{"text": "$$聣"},"\n\"","U$U$U$",{"text": "U$"},"\n","\n"],{"text": "\n- x1 ","color": "gray"},{"translate": "simplenergy.book","color": "gray"},{"text": "\n- x1 ","color": "gray"},{"translate": "simplenergy.simplunium_ingot","color": "gray"}]}},
				{"text": "0","hover_event": {"action": "show_text","value": [{"text": ""},[{"text": "","font": "simplenergy:manual","color": "white"},"\"E\n","\"",{"text": "$聣"},"\n","\"",{"text": "U$"},"U$U$",{"text": "$$聣"},"\n\"","U$U$U$",{"text": "U$"},"\n","\n"],{"text": "\n- x1 ","color": "gray"},{"translate": "simplenergy_manual","color": "gray"}]}},
				"\n\n\n\n\n\n\n\n\n\n\n\n\n\n\n\n\n\n"
			],
			"width": 140
		}
	]
}
