{
	"type": "minecraft:notice",
	"title": [
		"",
		{
			"sprite": "simplenergy:item/dialog_sprite/simple_battery",
			"shadow_color": [
				0,
				0,
				0,
				0
			],
			"atlas": "minecraft:items"
		},
		" ",
		{
			"translate": "simplenergy.simple_battery",
			"underlined": true
		},
		" ",
		{
			"sprite": "simplenergy:item/dialog_sprite/simple_battery",
			"shadow_color": [
				0,
				0,
				0,
				0
			],
			"atlas": "minecraft:items"
		}
	],
	"body": [
		{
			"type": "minecraft:plain_message",
			"contents": [
				{"text": "V   ","font": "simplenergy:manual","color": "white"},
				{"text": "\n   ","click_event": {"action": "show_dialog","dialog": "simplenergy:manual/page_42"},"hover_event": {"action": "show_text","value": [{"translate": "simplenergy.go_to_previous_page"}," (42)"]}},
				" ",
				{"text": "   ","click_event": {"action": "show_dialog","dialog": "simplenergy:manual/page_44"},"hover_event": {"action": "show_text","value": [{"translate": "simplenergy.go_to_next_page"}," (44)"]}},
				{"text": "\n   ","click_event": {"action": "show_dialog","dialog": "simplenergy:manual/page_42"},"hover_event": {"action": "show_text","value": [{"translate": "simplenergy.go_to_previous_page"}," (42)"]}},
				" ",
				{"text": "   ","click_event": {"action": "show_dialog","dialog": "simplenergy:manual/page_44"},"hover_event": {"action": "show_text","value": [{"translate": "simplenergy.go_to_next_page"}," (44)"]}}
			],
			"width": 400
		},
		{
			"type": "minecraft:plain_message",
			"contents": [
				{"text": "","font": "simplenergy:manual","color": "white","shadow_color": [0,0,0,0]},
				"\"$6\n\"",
				{"text": "$艺$艺$艺","hover_event": {"action": "show_item","id": "minecraft:copper_block","components": {}}},
				"  \n\"",
				{"translate": "simplenergy.uuu","hover_event": {"action": "show_item","id": "minecraft:copper_block","components": {}}},
				"  \n\"",
				{"text": "$艺","hover_event": {"action": "show_item","id": "minecraft:copper_block","components": {}}},
				{"text": "$胰","hover_event": {"action": "show_item","id": "minecraft:redstone","components": {}}},
				{"text": "$艺","hover_event": {"action": "show_item","id": "minecraft:copper_block","components": {}}},
				"\"\"",
				{"text": "$$聧","hover_event": {"action": "show_item","id": "furnace","components": {"custom_data": {"energy": {"storage": 0,"max_storage": 10000},"simplenergy": {"simple_battery": true},"smithed": {"ignore": {"functionality": true,"crafting": true}}},"container": [{"slot": 0,"item": {"id": "minecraft:stone","count": 1,"components": {"minecraft:custom_data": {"smithed": {"block": {"id": "simplenergy:simple_battery","from": "simplenergy"}}}}}}],"tooltip_display": {"hidden_components": ["minecraft:container"]},"lore": [{"translate": "simplenergy.energy_storage_10_mj","italic": false,"color": "gray"},["",{"text": "I","color": "white","italic": false,"font": "simplenergy:icons"},{"translate": "simplenergy","italic": true,"color": "blue"}]],"item_model": "simplenergy:simple_battery","item_name": {"translate": "simplenergy.simple_battery"}}}},
				"#$\n\"",
				{"text": "U$","hover_event": {"action": "show_item","id": "minecraft:copper_block","components": {}}},
				{"text": "U$","hover_event": {"action": "show_item","id": "minecraft:redstone","components": {}}},
				{"text": "U$","hover_event": {"action": "show_item","id": "minecraft:copper_block","components": {}}},
				"\"\"",
				{"text": "U$","hover_event": {"action": "show_item","id": "furnace","components": {"custom_data": {"energy": {"storage": 0,"max_storage": 10000},"simplenergy": {"simple_battery": true},"smithed": {"ignore": {"functionality": true,"crafting": true}}},"container": [{"slot": 0,"item": {"id": "minecraft:stone","count": 1,"components": {"minecraft:custom_data": {"smithed": {"block": {"id": "simplenergy:simple_battery","from": "simplenergy"}}}}}}],"tooltip_display": {"hidden_components": ["minecraft:container"]},"lore": [{"translate": "simplenergy.energy_storage_10_mj","italic": false,"color": "gray"},["",{"text": "I","color": "white","italic": false,"font": "simplenergy:icons"},{"translate": "simplenergy","italic": true,"color": "blue"}]],"item_model": "simplenergy:simple_battery","item_name": {"translate": "simplenergy.simple_battery"}}}},
				"#$\n\"",
				{"text": "$腯$腯$腯","hover_event": {"action": "show_item","id": "minecraft:iron_ingot","components": {}}},
				"  \n\"",
				{"translate": "simplenergy.uuu","hover_event": {"action": "show_item","id": "minecraft:iron_ingot","components": {}}},
				"  \n\n",
				{"text": "1##","hover_event": {"action": "show_text","value": [{"translate": "simplenergy.basic_energy_storage_device","color": "yellow"},{"translate": "simplenergy.stores_up_to_10000_kj","color": "gray"},{"translate": "simplenergy.modes_input_only_output_only_both_use_battery_switcher","color": "gray"},{"translate": "simplenergy.breaking_the_battery_preserves_stored_energy","color": "gray"},{"translate": "simplenergy.balances_energy_storage_with_adjacent_simple_batteries","color": "gray"}]}},
				{"text": "2##","hover_event": {"action": "show_text","value": [{"text": ""},[{"text": "","font": "simplenergy:manual","color": "white"},"\"F\n","\"",{"text": "$艺"},{"text": "$艺"},{"text": "$艺"},"\n","\"",{"text": "U$"},{"text": "U$"},{"text": "U$"},"\n","\"",{"text": "$艺"},{"text": "$胰"},{"text": "$艺"},"\"\"",{"text": "$$聧"},"\n","\"",{"text": "U$"},{"text": "U$"},{"text": "U$"},"\"\"",{"text": "U$"},"\n","\"",{"text": "$腯"},{"text": "$腯"},{"text": "$腯"},"\n","\"",{"text": "U$"},{"text": "U$"},{"text": "U$"},"\n"],{"text": "\n- x5 ","color": "gray"},{"translate": "simplenergy.copper_block","color": "gray"},{"text": "\n- x1 ","color": "gray"},{"translate": "simplenergy.redstone","color": "gray"},{"text": "\n- x3 ","color": "gray"},{"translate": "simplenergy.iron_ingot","color": "gray"}]}},
				{"text": "2##","hover_event": {"action": "show_text","value": [{"text": ""},[{"text": "","font": "simplenergy:manual","color": "white"},"\"F\n","\"",{"text": "$艺"},{"text": "$艺"},{"text": "$艺"},"\n","\"",{"text": "U$"},{"text": "U$"},{"text": "U$"},"\n","\"",{"text": "$艺"},{"text": "$腯"},{"text": "$艺"},"\"\"",{"text": "$$聧"},"\n","\"",{"text": "U$"},{"text": "U$"},{"text": "U$"},"\"\"",{"text": "U$"},"\n","\"",{"text": "$胠"},{"text": "$胠"},{"text": "$胠"},"\n","\"",{"text": "U$"},{"text": "U$"},{"text": "U$"},"\n"],{"text": "\n- x5 ","color": "gray"},{"translate": "simplenergy.copper_block","color": "gray"},{"text": "\n- x3 ","color": "gray"},{"translate": "simplenergy.redstone_block","color": "gray"},{"text": "\n- x1 ","color": "gray"},{"translate": "simplenergy.iron_ingot","color": "gray"}]}},
				{"text": "芥\n","hover_event": {"action": "show_text","value": [{"text": ""},[{"text": "","font": "simplenergy:manual","color": "white"},"\"F\n","\"",{"text": "$芢"},{"text": "$芢"},{"text": "$芢"},"\n","\"",{"text": "U$"},{"text": "U$"},{"text": "U$"},"\n","\"",{"text": "$芢"},{"text": "$聧"},{"text": "$芢"},"\"\"",{"text": "$$聩"},"\n","\"",{"text": "U$"},{"text": "U$"},{"text": "U$"},"\"\"",{"text": "U$"},"\n","\"",{"text": "$艺"},{"text": "$艺"},{"text": "$艺"},"\n","\"",{"text": "U$"},{"text": "U$"},{"text": "U$"},"\n"],{"text": "\n- x5 ","color": "gray"},{"translate": "simplenergy.gold_block","color": "gray"},{"text": "\n- x1 ","color": "gray"},{"translate": "simplenergy.simple_battery","color": "gray"},{"text": "\n- x3 ","color": "gray"},{"translate": "simplenergy.copper_block","color": "gray"}]},"click_event": {"action": "show_dialog","dialog": "simplenergy:manual/page_44"}},
				{"text": "0##","hover_event": {"action": "show_text","value": [{"translate": "simplenergy.basic_energy_storage_device","color": "yellow"},{"translate": "simplenergy.stores_up_to_10000_kj","color": "gray"},{"translate": "simplenergy.modes_input_only_output_only_both_use_battery_switcher","color": "gray"},{"translate": "simplenergy.breaking_the_battery_preserves_stored_energy","color": "gray"},{"translate": "simplenergy.balances_energy_storage_with_adjacent_simple_batteries","color": "gray"}]}},
				{"text": "0##","hover_event": {"action": "show_text","value": [{"text": ""},[{"text": "","font": "simplenergy:manual","color": "white"},"\"F\n","\"",{"text": "$艺"},{"text": "$艺"},{"text": "$艺"},"\n","\"",{"text": "U$"},{"text": "U$"},{"text": "U$"},"\n","\"",{"text": "$艺"},{"text": "$胰"},{"text": "$艺"},"\"\"",{"text": "$$聧"},"\n","\"",{"text": "U$"},{"text": "U$"},{"text": "U$"},"\"\"",{"text": "U$"},"\n","\"",{"text": "$腯"},{"text": "$腯"},{"text": "$腯"},"\n","\"",{"text": "U$"},{"text": "U$"},{"text": "U$"},"\n"],{"text": "\n- x5 ","color": "gray"},{"translate": "simplenergy.copper_block","color": "gray"},{"text": "\n- x1 ","color": "gray"},{"translate": "simplenergy.redstone","color": "gray"},{"text": "\n- x3 ","color": "gray"},{"translate": "simplenergy.iron_ingot","color": "gray"}]}},
				{"text": "0##","hover_event": {"action": "show_text","value": [{"text": ""},[{"text": "","font": "simplenergy:manual","color": "white"},"\"F\n","\"",{"text": "$艺"},{"text": "$艺"},{"text": "$艺"},"\n","\"",{"text": "U$"},{"text": "U$"},{"text": "U$"},"\n","\"",{"text": "$艺"},{"text": "$腯"},{"text": "$艺"},"\"\"",{"text": "$$聧"},"\n","\"",{"text": "U$"},{"text": "U$"},{"text": "U$"},"\"\"",{"text": "U$"},"\n","\"",{"text": "$胠"},{"text": "$胠"},{"text": "$胠"},"\n","\"",{"text": "U$"},{"text": "U$"},{"text": "U$"},"\n"],{"text": "\n- x5 ","color": "gray"},{"translate": "simplenergy.copper_block","color": "gray"},{"text": "\n- x3 ","color": "gray"},{"translate": "simplenergy.redstone_block","color": "gray"},{"text": "\n- x1 ","color": "gray"},{"translate": "simplenergy.iron_ingot","color": "gray"}]}},
				{"text": "0","hover_event": {"action": "show_text","value": [{"text": ""},[{"text": "","font": "simplenergy:manual","color": "white"},"\"F\n","\"",{"text": "$芢"},{"text": "$芢"},{"text": "$芢"},"\n","\"",{"text": "U$"},{"text": "U$"},{"text": "U$"},"\n","\"",{"text": "$芢"},{"text": "$聧"},{"text": "$芢"},"\"\"",{"text": "$$聩"},"\n","\"",{"text": "U$"},{"text": "U$"},{"text": "U$"},"\"\"",{"text": "U$"},"\n","\"",{"text": "$艺"},{"text": "$艺"},{"text": "$艺"},"\n","\"",{"text": "U$"},{"text": "U$"},{"text": "U$"},"\n"],{"text": "\n- x5 ","color": "gray"},{"translate": "simplenergy.gold_block","color": "gray"},{"text": "\n- x1 ","color": "gray"},{"translate": "simplenergy.simple_battery","color": "gray"},{"text": "\n- x3 ","color": "gray"},{"translate": "simplenergy.copper_block","color": "gray"}]},"click_event": {"action": "show_dialog","dialog": "simplenergy:manual/page_44"}},
				"\n\n\n\n\n\n\n\n\n\n\n\n\n\n\n\n"
			],
			"width": 140
		}
	]
}
