{
  "condition": "minecraft:any_of",
  "terms": [
    {
      "condition": "minecraft:value_check",
      "value": {
        "type": "minecraft:score",
        "target": "this",
        "score": "energy.network_id_up"
      },
      "range": {
        "min": {
          "type": "minecraft:score",
          "target": {
            "type": "minecraft:fixed",
            "name": "#predicate"
          },
          "score": "energy.data"
        },
        "max": {
          "type": "minecraft:score",
          "target": {
            "type": "minecraft:fixed",
            "name": "#predicate"
          },
          "score": "energy.data"
        }
      }
    },
	{
      "condition": "minecraft:value_check",
      "value": {
        "type": "minecraft:score",
        "target": "this",
        "score": "energy.network_id_down"
      },
      "range": {
        "min": {
          "type": "minecraft:score",
          "target": {
            "type": "minecraft:fixed",
            "name": "#predicate"
          },
          "score": "energy.data"
        },
        "max": {
          "type": "minecraft:score",
          "target": {
            "type": "minecraft:fixed",
            "name": "#predicate"
          },
          "score": "energy.data"
        }
      }
    },
	{
      "condition": "minecraft:value_check",
      "value": {
        "type": "minecraft:score",
        "target": "this",
        "score": "energy.network_id_north"
      },
      "range": {
        "min": {
          "type": "minecraft:score",
          "target": {
            "type": "minecraft:fixed",
            "name": "#predicate"
          },
          "score": "energy.data"
        },
        "max": {
          "type": "minecraft:score",
          "target": {
            "type": "minecraft:fixed",
            "name": "#predicate"
          },
          "score": "energy.data"
        }
      }
    },
	{
      "condition": "minecraft:value_check",
      "value": {
        "type": "minecraft:score",
        "target": "this",
        "score": "energy.network_id_south"
      },
      "range": {
        "min": {
          "type": "minecraft:score",
          "target": {
            "type": "minecraft:fixed",
            "name": "#predicate"
          },
          "score": "energy.data"
        },
        "max": {
          "type": "minecraft:score",
          "target": {
            "type": "minecraft:fixed",
            "name": "#predicate"
          },
          "score": "energy.data"
        }
      }
    },
	{
      "condition": "minecraft:value_check",
      "value": {
        "type": "minecraft:score",
        "target": "this",
        "score": "energy.network_id_east"
      },
      "range": {
        "min": {
          "type": "minecraft:score",
          "target": {
            "type": "minecraft:fixed",
            "name": "#predicate"
          },
          "score": "energy.data"
        },
        "max": {
          "type": "minecraft:score",
          "target": {
            "type": "minecraft:fixed",
            "name": "#predicate"
          },
          "score": "energy.data"
        }
      }
    },
	{
      "condition": "minecraft:value_check",
      "value": {
        "type": "minecraft:score",
        "target": "this",
        "score": "energy.network_id_west"
      },
      "range": {
        "min": {
          "type": "minecraft:score",
          "target": {
            "type": "minecraft:fixed",
            "name": "#predicate"
          },
          "score": "energy.data"
        },
        "max": {
          "type": "minecraft:score",
          "target": {
            "type": "minecraft:fixed",
            "name": "#predicate"
          },
          "score": "energy.data"
        }
      }
    }
  ]
}
