{
	"parent": "minecraft:block/cauldron",
	"textures": {
		"particle": "simplenergy:item/cauldron_generator_side",
		"side": "simplenergy:item/cauldron_generator_side",
		"top": "simplenergy:item/cauldron_generator_top",
		"bottom": "simplenergy:item/cauldron_generator_bottom",
		"inside": "simplenergy:atlas/cauldron_inner"
	},
	"display": {
		"gui": {
			"rotation": [
				30,
				225,
				0
			],
			"translation": [
				0,
				0,
				0
			],
			"scale": [
				0.625,
				0.625,
				0.625
			]
		},
		"ground": {
			"rotation": [
				0,
				0,
				0
			],
			"translation": [
				0,
				3,
				0
			],
			"scale": [
				0.25,
				0.25,
				0.25
			]
		},
		"fixed": {
			"rotation": [
				0,
				0,
				0
			],
			"translation": [
				0,
				0,
				0
			],
			"scale": [
				0.5,
				0.5,
				0.5
			]
		},
		"thirdperson_righthand": {
			"rotation": [
				75,
				45,
				0
			],
			"translation": [
				0,
				2.5,
				0
			],
			"scale": [
				0.375,
				0.375,
				0.375
			]
		},
		"firstperson_righthand": {
			"rotation": [
				0,
				45,
				0
			],
			"translation": [
				0,
				0,
				0
			],
			"scale": [
				0.4,
				0.4,
				0.4
			]
		},
		"firstperson_lefthand": {
			"rotation": [
				0,
				225,
				0
			],
			"translation": [
				0,
				0,
				0
			],
			"scale": [
				0.4,
				0.4,
				0.4
			]
		}
	}
}
